-0.046433512,-0.0074598882,-0.033625532,0.10739027,-0.12572975,-0.07809714,-0.15652388,-0.017757848,-0.036191963,-0.047491416,-0.050381474,-0.16688098,0.052291185,0.06895368,-0.099308565,-0.23925778,-0.013460706,0.056447685,0.0062760655,-0.27478468
0.074516445,-0.6470286,0.55480283,-1.4606789,-0.46592915,-0.09129782,-1.0065368,-0.3331854,0.5655895,0.13528013,0.6564795,0.8131916,-1.3325012,1.3237497,0.28923082,-0.249948,-0.57368684,0.13661286,0.40375265,-1.0015718
0.16029146,-0.1228248,-0.23044948,0.22169752,0.26676548,0.052892536,-0.16337481,0.126574,0.2641312,-0.039220646,0.1484864,-0.26707065,0.21414702,-0.06747874,-0.1762656,-0.39322928,-0.13308656,-0.20426792,0.098000616,-0.5497301
0.37135127,0.43146637,-1.1554497,0.19361378,1.4118662,1.3578625,-0.3627433,-0.46380153,0.8412783,0.70758414,-0.24322414,-0.063007556,-0.46266195,0.9765556,0.6147907,-2.0175967,-0.04074529,0.8334248,-1.6236662,-0.37883633
-1.9112023,1.012716,-0.43811712,2.1211357,-3.7181814,-1.6607708,-4.6603756,3.5577476,-2.4158158,0.16842704,-3.597627,-0.6824254,0.87341577,3.7886727,-3.7579548,-4.3818545,1.1796381,1.6090181,-1.4311582,-3.729823
-0.15066893,0.060684334,0.10759657,-0.16037272,0.16277523,0.2262873,0.1029496,0.055508714,0.33660114,0.06389926,0.0874731,-0.01986815,0.1041302,-0.024501815,-0.18515824,-0.20475183,-0.111647666,0.10515837,0.14071055,-0.39226007
-0.029779803,0.008545936,-0.027898803,-0.029503874,-0.015573532,0.091862544,-0.0014983071,-0.2535353,0.13672785,-0.036027547,0.12441466,-0.08366889,0.15335518,0.15815008,-0.14087997,-0.20435269,-0.121102706,0.06032164,0.041075468,-0.2548858
-1.3319284,-0.79633355,-0.4159562,-0.25810176,-1.2661132,-0.5092397,-0.6954919,-1.1183474,-0.40455958,-0.09619047,-0.07322952,0.4611436,0.8121151,0.092355065,-0.36701798,-0.6067086,-0.30897683,1.0042341,0.5323099,-0.3679701
-0.016314175,-0.21679361,-0.21641043,-0.776863,0.35701385,0.84266126,-0.23656633,0.14264363,0.67853945,0.3236369,0.47520941,0.12358994,0.15390202,0.03699491,0.76536626,-0.33755544,0.38705063,0.49842817,0.02793887,-0.6552748
-0.25172606,-0.36534122,-0.27728567,0.52423954,-0.10273,-0.027055023,-0.54408133,-0.009780081,0.010636035,-0.29803607,-0.59281707,0.022661433,-0.14440383,0.2900542,-0.77515894,-0.9657312,-0.23210649,-0.47267768,-0.59569347,-0.92910546
-0.5003906,-1.585948,3.5642636,-0.47648174,0.21216716,-0.87307835,-0.36415213,0.79794234,0.6430031,1.165593,-0.062663294,-1.0324349,-0.73739344,-0.6952587,-0.0046456987,0.044486087,-0.45142052,-0.11348861,0.36425948,-2.5374355
0.029891526,-0.116004735,0.22593983,0.167724,-0.11667848,0.0871523,-0.016522158,-0.063780345,0.28117397,0.20850453,0.0912136,-0.21997887,0.20516732,-0.10932495,0.022479625,-0.22091456,-0.034923326,-0.069704056,0.1634962,-0.49264342
0.0082718795,-0.30140713,0.051866215,-0.5548162,0.20839106,0.7135234,-0.21045901,-0.22894624,1.1908194,0.5833607,0.58735543,0.436664,0.22286916,0.08970635,-0.22361441,-0.71169955,-0.3545905,0.2884703,0.3528163,-0.5571742
-0.038895354,-0.09572962,0.06663329,0.19142585,-0.032130085,0.0145411175,-0.45831394,0.021835975,-0.16987239,-0.17337531,-0.03992148,0.07278617,-0.054095186,0.02872013,-0.24429877,-0.44837257,0.11790952,-0.42755324,-0.0041087884,-0.4360317
-0.4106303,-0.81951743,-0.02621911,0.1321227,0.051049396,0.01813515,-0.7491028,-0.6924211,-0.4632218,-0.008380695,-0.19259882,0.20219612,-0.3667596,0.39757282,0.62878424,-0.6484562,0.0673015,0.55749524,-0.005708428,-0.46120423
-0.06360308,-0.15159093,-1.379159,-0.20525366,0.34191656,1.0296497,-0.20132719,-0.16198592,0.500475,-0.5857292,0.03066405,1.3330966,-0.82053596,0.69472754,-0.6409573,-1.4207021,0.17139259,0.5239462,-0.8916926,-0.878284
-0.12747774,0.18880904,0.0024146233,0.097984485,-0.03870194,0.42802557,-0.2819002,-0.14724955,0.24370022,0.08232247,0.2555771,0.044465862,0.34682706,-0.013046524,0.10347948,-0.7304207,0.02182829,0.006962479,-0.24008134,-0.48957527
0.2968841,-0.66011477,0.80879,0.6354703,0.40491307,-0.6595787,-0.8233002,0.47406602,0.026696889,-0.22706692,0.27902976,-0.90166575,-0.9297826,-0.36027044,-0.17523347,-0.9453621,0.32569855,-0.8278727,-0.18719524,-1.8470415
-0.2570965,-0.108014375,0.06791155,-0.32056493,0.20624709,0.15181428,-0.0032413502,0.18878512,0.40546206,0.22198923,-0.044258263,0.057785347,0.03397937,-0.032815356,0.10186537,-0.28309965,0.08573353,0.2044312,0.22325239,-0.4910857
0.13879135,-0.074741274,0.114629835,-0.029126268,0.30931512,0.19289848,0.0034666827,0.02987782,0.33257648,0.104309514,0.06674688,-0.14525269,0.022870585,-0.16626218,-0.07118078,-0.36403233,-0.109450184,-0.068353035,0.15317863,-0.30078954
-0.051194936,0.02864642,0.05956805,0.04105986,-0.04927306,0.09999426,-0.13386986,-0.014623277,0.06961609,0.008639821,0.10604415,-0.06618424,0.03925031,0.043675944,0.06752944,-0.21024023,0.080240116,-0.0067485487,0.025458647,-0.28015596
0.014139177,-0.05031735,0.0027991224,0.08209303,0.015649674,-0.07156936,-0.040117525,-0.06525801,0.052605428,-0.10834348,0.02647655,-0.12126644,-0.071857095,0.012605994,-0.058569357,-0.13507922,0.016558252,-0.018485874,0.045614913,-0.23815708
-0.06598494,0.045604557,-0.03362491,0.08235327,-0.073155835,0.14418957,-0.010935816,-0.15825516,0.11101039,0.014913027,0.007278834,-0.018205468,0.0901922,0.048061002,-0.1592173,-0.15723811,0.004068286,0.11266859,0.054714993,-0.28379273
-0.2231445,-0.13296445,0.42708042,-0.13218205,-0.13085608,-0.2131117,-0.36190587,-0.06756562,-0.31653324,-0.24793652,0.12015608,-0.28943342,-0.03719828,0.06748625,-0.08731995,-0.053463895,0.00090636034,-0.016409125,0.039024405,-0.22145943
-0.08357903,-0.19161735,-0.00082749187,0.12988634,0.06727179,0.068659194,-0.07887137,-0.36465836,0.22008611,-0.113887586,-0.09450857,0.2629084,0.058335878,-0.17439526,0.2173603,-0.16563918,0.45248005,-0.009107328,0.13544053,-0.4508232
0.1855208,-0.121382415,0.072978415,-0.16240469,-0.004753639,0.036457054,-0.25873718,0.00018037017,0.2530254,0.022271674,0.37281263,-0.05916691,0.05074383,0.17504545,0.12986109,-0.23970976,-0.030469436,-0.106554635,0.13197924,-0.40843529
-0.030335907,-0.031469822,-0.19034408,0.18483053,-0.03349973,-0.019815402,-0.17044885,-0.26283824,-0.035374492,-0.22363682,-0.05279741,-0.21446447,-0.06861424,0.15119052,-0.05365949,-0.33125323,0.07169065,0.062567204,-0.18505926,-0.27684808
0.042989638,-0.05169526,-0.016932728,0.075507626,-0.012592039,-0.03616005,-0.060196325,-0.09255441,-0.008223683,-0.054484457,0.024677144,-0.07408337,-0.041669477,0.0037105065,0.01335077,-0.08357817,0.04677109,-0.02369124,0.036262605,-0.124380544
-0.1528093,-0.27452087,-0.020748233,0.44776836,-0.2722752,-0.13723215,-0.56574684,-0.0028914688,-0.15685438,-0.31170833,-0.14319731,0.12896207,-0.07489729,-0.06323859,-0.4219874,-0.6052919,0.043035734,-0.5408069,-0.10630773,-0.7349711
0.4270341,-1.7807145,-0.15213774,0.014975258,-0.034147862,0.46577492,-0.96383256,-0.6445322,0.73725426,0.6335156,0.4981201,-0.5378673,0.46542054,0.14341486,-0.17091048,-0.6869117,-0.60406667,-0.11924986,0.3038693,-1.3759207
0.056422524,-0.12621363,-0.01905496,-0.34534436,-0.06488398,0.47998443,-0.29157704,0.105670534,0.8146985,0.17478791,0.8454361,-0.1813902,0.3910469,-0.19079114,0.1263056,-0.49831983,-0.050959695,0.20809181,0.43311995,-0.580582
-0.07166577,0.029068936,-0.16213265,0.07355845,0.12949312,0.22531478,-0.18283062,0.018585984,0.320026,0.21919717,-0.18377453,-0.14368373,0.23021163,0.13391986,-0.19136737,-0.71807724,-0.14929678,0.112050906,-0.17497817,-0.35452694
-0.08521196,-0.69381064,0.37396374,0.23394564,-0.15303935,0.14812793,-1.2527006,0.09020786,-0.12986179,0.0794589,-0.4781239,0.36740568,0.055574656,0.0689237,-0.83718014,-1.4573483,0.13462041,-1.2629558,-0.11974347,-1.4104222
1.6479945,0.07692895,0.11211931,-1.0578429,-0.26149538,2.2889225,-2.5389624,-1.7737659,1.2008253,-0.042081125,4.009567,2.976186,1.1021442,0.6857664,1.0609335,-2.764752,0.5268231,-2.268346,-0.53216636,-2.3651974
-0.32126513,0.056454174,-0.22662379,-0.4254732,-0.14837973,0.22665872,0.21711609,-0.5299643,0.4623906,-0.19801743,0.083174914,0.32367852,0.1542226,0.25546423,-0.22024275,-0.19623524,-0.071698725,0.7200844,-0.3285633,-0.32145858
0.035671137,-0.04669038,-0.030701585,0.08991022,-0.028353222,-0.046797648,-0.056193274,-0.10125353,-0.026611572,-0.07172401,-0.0020811236,-0.062113933,-0.056701917,0.003329902,0.008348385,-0.071395695,0.04896748,-0.02210626,0.025493663,-0.11336739
0.072830595,-0.015426915,-0.2432151,0.3158998,-0.012210035,0.09959211,-0.40043035,-0.1141738,-0.022466078,-0.18613318,-0.2703842,0.33183062,-0.08057222,0.29343468,-0.38454336,-0.63226396,-0.0972532,-0.31178263,-0.3768129,-0.55327356
0.19429672,-0.04371452,-0.019909967,0.09110542,0.085114606,0.07640604,-0.097783096,-0.0848514,0.19987695,-0.03033689,0.21357869,-0.16348125,0.119564295,-0.02444353,-0.046133846,-0.26878262,-0.023273297,-0.20151395,0.15920609,-0.31958032
0.052081507,0.12336099,0.5666252,0.659,0.63030183,0.26278317,-1.2273742,0.6619178,-0.15592942,-0.019711517,-0.29256532,0.14632857,0.013133341,-0.4903891,-0.5119373,-1.7155161,0.32435855,-1.5519261,-0.30962643,-1.4375987
-0.17231186,0.012921222,-0.055218816,-0.13022643,-0.17688768,0.006434694,-0.21956974,-0.4546331,0.16695061,-0.10926114,0.48098898,0.115184695,0.34660572,0.032191124,0.04150489,-0.16961168,-0.09091556,0.19092818,0.15241253,-0.12212421
0.33084545,0.07088944,-0.10396773,1.001157,0.58149374,0.10406181,-0.67820823,0.23826346,-0.029540585,-0.14981206,0.059357762,-0.020349937,0.44158295,-0.55274755,-0.5863388,-1.0569955,-0.3679146,-1.4103426,0.25401753,-1.3787636
-0.07205164,-0.09704223,-0.18544483,-0.0668886,-0.091268696,0.22388206,-0.15720865,-0.10639173,0.03557714,0.036980808,0.23782901,0.042688232,0.38874584,-0.047783054,0.120091304,-0.21069667,0.03583805,0.09220537,0.18142734,-0.176837
-0.023070697,0.023081562,-0.17048447,0.13147132,-0.21295837,-0.0020210454,-0.23681395,-0.13427071,0.17495547,-0.1257471,0.09530417,-0.122088015,0.28912103,0.017092027,-0.008486269,-0.25100473,0.10187511,0.003467762,0.14386226,-0.2934671
2.8674567,1.4737954,-2.42667,1.7332522,-0.27464887,4.0895014,2.1464138,-1.8511051,1.971041,0.36099228,-0.36780742,0.2546695,1.7193274,0.07396514,-2.3780532,-2.0802,0.14178483,-0.09102932,1.9463712,-4.6603036
-0.11991047,0.23368467,0.2898719,0.04073037,0.1866241,0.03340686,-0.15132228,0.47826988,0.04036299,0.031258833,0.026774783,-0.3038409,-0.21413352,0.16584828,0.018889781,-0.34625447,0.3287818,0.12666972,0.019485144,-0.603926
0.035059445,-0.043663252,-0.034208,0.09826618,-0.027206939,-0.04416672,-0.061881594,-0.09849771,-0.028250873,-0.07643508,-0.004915739,-0.06450187,-0.054640636,0.004908058,0.0031853293,-0.078347124,0.05399117,-0.029497743,0.02199077,-0.11706449
-0.32013184,-0.32582375,-0.07263376,0.5655739,-0.28876454,-0.24101539,-0.41223803,-0.21502006,-0.17627013,-0.2634582,-0.47729507,0.08664751,-0.099901296,-0.08033439,-0.16619195,-0.3546028,0.022497501,-0.05243223,-0.1643365,-0.46500468
0.086300224,-0.067374885,-0.0032714745,0.08340797,0.029499587,0.073471345,-0.074804075,-0.0092207715,0.15069675,0.056154523,0.14672855,-0.10640701,0.09790619,-0.014816353,-0.026833715,-0.21979943,0.042670425,-0.086479835,0.1069344,-0.3224594
-0.10566682,-0.4473628,-0.61692464,0.7161163,0.1844144,-0.22777356,0.26297677,0.20494133,0.9685497,0.0014491137,0.0075552156,-1.0331587,0.78900844,0.13472083,-1.0608304,-0.7094316,-0.35777837,0.07386824,-0.37649727,-0.875367
-1.1484293,0.9961374,0.43887854,-1.007339,-0.98047644,1.0661803,0.5277765,-1.0794209,1.2077047,0.10502582,-0.8175878,0.7307588,1.4202124,0.087103516,0.11228554,-0.45878026,0.12171057,1.5059927,-1.0533466,-0.105908886
0.018738188,-0.046638813,-0.04679194,0.091424316,-0.11026807,0.012716666,-0.10911024,-0.24054891,0.011799831,-0.13360243,0.12699276,-0.083671056,0.08495828,0.09231204,0.036511805,-0.11780989,0.034942817,-0.022646572,0.033354953,-0.20339032
-1.9018706,0.27138323,1.4181285,0.536118,-2.1455913,1.3728204,0.13083945,0.551452,1.8846787,1.6202093,1.5471526,-0.9743711,2.8985667,-1.3150332,1.0492705,-0.50394225,0.35292992,0.92319417,1.003676,-2.271604
-0.07386109,-0.0044856407,0.036368236,-0.24198264,-0.21485531,0.1448677,-0.35533595,-0.40955362,0.36473715,-0.15393886,0.5604538,-0.0593589,0.27848437,-0.033697758,0.4553689,-0.28726116,-0.1806848,0.26267725,0.18781734,-0.35478872
-0.17994347,-0.31311756,0.18007615,0.53951055,-0.42582154,-0.22480446,-0.6006229,0.2369317,0.19722351,-0.35958314,0.15081675,0.0072760577,0.05096336,-0.20774843,-0.6360601,-0.857668,0.0073898854,-0.92728615,-0.09335795,-1.1400391
0.47428474,0.52705127,1.2171177,1.0349944,0.9641376,1.0967782,-0.9454468,1.5622951,-0.20110452,0.5936356,-1.141021,-0.083054446,0.57663226,-0.09247463,-1.6480039,-2.4251392,0.06706637,-2.5881727,-0.6696327,-2.2256513
-0.07462318,-0.030787177,0.103435546,0.04541306,-0.053517263,-0.07854258,-0.08370145,-0.14662157,0.007598928,-0.05414593,0.22488327,-0.08953956,0.1430412,0.03060555,-0.059754238,-0.0076256837,0.09707357,0.00032319222,0.054234758,-0.1837172
0.024925714,-0.28530243,0.15948142,0.19220775,0.005829795,0.15173483,-0.35237572,0.031536367,-0.07371087,0.010944708,-0.12173299,-0.15433113,-0.03365579,-0.002961465,-0.1258033,-0.47235537,0.19621879,-0.3185577,-0.045122996,-0.6709183
-1.2198914,-2.1993566,0.48675418,0.8996026,-1.2409062,-0.70611465,0.38508868,-0.5300796,1.7861148,0.12239572,0.54658806,0.64773226,-1.5836469,-1.520814,-0.51173407,-1.9465499,-0.6538483,0.015517675,-0.38147175,-2.7430096
0.026949475,-0.034025554,-0.018519068,0.07953862,-0.018060043,-0.04683315,-0.0585443,-0.08907739,-0.015049849,-0.0583239,-0.012226202,-0.059432887,-0.05971831,0.010523557,0.00859737,-0.08031057,0.05091356,-0.011192198,0.017708648,-0.11618918
0.014462941,-0.07246065,0.24367945,-0.06126394,-0.03189719,-0.072144434,-0.055376876,-0.092673734,0.2633831,-0.012728635,0.23458369,-0.17376885,0.1539628,-0.056758773,-0.018153802,-0.06626381,0.04702359,0.038968228,0.07305023,-0.2887993
0.19602098,-1.7717139,1.6497047,-0.9611745,2.0216534,0.38438588,0.18458517,2.191494,2.6174586,1.7048246,0.69581914,-1.5711015,0.702819,-0.46340314,-0.9834591,-1.6307604,-0.67145866,-0.83048654,-1.6125842,-1.8847287
-0.10024385,-0.007277893,-0.38057277,-0.25872916,0.18111284,0.31316155,0.07616349,-0.18394332,0.4382133,-0.18658526,0.20119287,0.26037684,-0.059495866,0.15004487,-0.3022788,-0.34455803,0.07489938,0.26522323,-0.13185346,-0.41752195
-0.2077404,-0.28682157,0.40348533,0.36221272,-0.29106978,0.030256184,-0.80118257,-0.18598051,-0.117026575,-0.21848197,-0.3507222,-0.0715957,0.05879526,-0.23337631,-0.36860752,-0.64125425,0.1293469,-0.5843229,0.08839324,-0.87796646
-0.14485654,0.018512603,-0.0055499156,-0.094434366,-0.08569993,0.085936114,0.027689327,-0.06855728,0.36049545,0.026282802,0.22071612,-0.10080935,0.2376101,0.004937984,-0.07670602,-0.13945019,0.084648356,0.28120902,0.12706877,-0.31855202
0.037192527,0.023476576,0.013911619,0.084272966,0.14184651,0.14592718,-0.07245625,-0.05264025,0.07248952,0.07098068,-0.063991494,-0.02165683,-0.04813189,0.030292585,0.018666105,-0.29302293,0.041463908,0.02196464,-0.025720792,-0.23352322
-0.16203095,-0.110309675,0.18412012,0.13254957,-0.21793848,-0.11359193,0.01597419,-4.8886985e-05,0.23120296,0.103847444,0.08968194,-0.1669949,-0.00039868476,-0.21964784,0.07401151,-0.2970479,-0.056486387,0.099528894,0.20496698,-0.46821958
-1.2254367,-1.080124,-2.7047791,-0.47794113,-0.038580723,1.2171376,-0.75798786,-1.6751264,0.11097599,0.87387747,-3.3383083,3.1164653,-0.061570816,0.93235976,-0.91063666,-3.291576,-1.6728222,2.0847998,-2.3119566,1.1892766
-0.0047673387,0.0116596,-0.21751764,0.24933372,-0.08862291,0.22468787,0.045605592,-0.18638809,0.11829705,0.12070135,-0.14027222,-0.12639704,0.1505574,0.17398874,-0.2619128,-0.36632589,-0.023488436,0.16827293,-0.010673346,-0.5392296
0.12603457,-0.07316716,-0.03890531,-0.014932591,0.13352524,0.16338362,-0.06848288,-0.023073938,0.20990618,0.059091967,0.13943674,-0.11934226,0.12363289,-0.005771397,-0.0006675725,-0.28030622,0.010037978,-0.06786876,0.07798943,-0.25393265
-0.13834627,-0.38038152,0.41056204,-0.007959743,0.0014818017,0.46682233,-0.10804202,0.23745556,0.9275206,0.4123462,0.30437922,-0.12861486,0.4444883,-0.09832179,-0.7779416,-0.37969872,-0.50106645,-0.25717047,0.35268947,-1.0525753
-0.12368258,-0.20374551,-0.07058221,1.1694554,-0.07198941,0.02131172,-1.6073072,0.01974447,-0.75571156,-0.630628,-0.838739,-0.035184264,0.15694252,-0.37902072,-0.5697112,-1.8861811,0.18949918,-1.580086,-0.21151054,-1.66931
-0.2902153,-0.14577761,0.11219146,0.08955116,-0.05870967,0.044242077,-0.47154063,-0.17179756,-0.0241256,0.05563924,-0.17971444,0.2528373,-0.06032934,0.08742057,0.16605558,-0.58607125,0.13656725,-0.054687276,-0.15567563,-0.45607686
-0.6771255,-0.43479484,0.9844567,0.24782377,-0.5320236,-0.0365427,-1.6602716,0.7353822,-0.46374366,-0.05522735,-0.86467105,0.30312243,0.04862834,0.21320911,-1.2939124,-1.7771404,0.19551873,-1.1830821,-0.6113966,-1.6853517
0.036583673,-0.5749598,0.18990684,-0.37711442,-0.046464257,0.48177037,-0.6974993,0.062462997,0.29996824,0.3872533,0.17080946,0.36204937,0.12593268,0.060149033,0.07158567,-0.66188234,0.04003386,-0.24164636,0.15996455,-0.6196894
-0.0046152817,-0.037351485,0.12679169,0.31237218,-0.15608278,-0.06643834,-0.20836002,0.080637075,-0.049546875,-0.16908023,0.081594616,-0.056895126,-0.051395323,-0.11163377,-0.12426452,-0.3304249,0.09175245,-0.3553678,0.013439504,-0.5953861
0.029654942,-0.054600593,-0.026231427,0.083367765,-0.05051679,-0.053213783,-0.07831106,-0.11343178,-0.029731669,-0.07868487,-0.01371064,-0.055974573,-0.065152526,-0.0016197725,0.016404137,-0.08104564,0.052682634,-0.024295483,0.039659113,-0.1224909
0.06214004,-0.1279472,0.024835305,0.21816917,-0.052990887,0.007978475,-0.2341789,0.014554539,-0.12639864,-0.06511775,-0.04398372,-0.07562027,-0.04510388,0.016860269,-0.15295488,-0.3130769,0.089937955,-0.28013185,-0.013940947,-0.47347683
0.04571076,-0.04064421,-0.034962498,0.09068618,-0.024150684,-0.042952895,-0.05108556,-0.113580465,-0.022282753,-0.06829606,0.024737833,-0.056078658,-0.02844283,0.012056374,0.0007625227,-0.06767409,0.0506109,-0.023584146,0.020683149,-0.1186053
-0.16425386,0.07067414,0.15738638,-0.5737048,-0.28167728,-0.060940623,-0.80085003,-0.42216912,0.5480601,-0.46856925,1.1238137,0.113044314,-0.023957873,-0.20601417,0.38036096,-0.24304517,-0.13496703,0.3842369,0.30241662,-0.38918984
-0.17133334,0.045372166,-0.029197741,0.17875552,-0.20439826,0.0790563,-0.34182158,-0.3741363,0.21817306,0.08183942,-0.048249144,0.376769,0.5675126,0.002525162,-0.16304855,-0.6017861,-0.20509467,-0.13331127,-0.106747285,-0.34737736
-0.24221295,-0.22078101,0.09305614,-0.22365798,-0.28391522,0.37775478,-0.2409981,-0.14151636,0.34420922,0.40159047,0.71115583,-0.20640953,0.7437339,-0.028437141,0.27483648,-0.11245662,0.24646556,0.5118612,0.61124843,-0.21615319
-0.2631227,-0.024801135,0.08654037,0.06587923,-0.22072302,0.06190361,-0.42369512,-0.48707417,0.38647324,0.109147325,0.16960946,-0.208483,0.7548719,0.20757946,-0.20357764,-0.6468485,-0.3290559,0.16422929,0.12451851,-0.40071613
-0.34404644,-0.09863809,-0.35083634,0.64562213,-0.71668756,-0.23548435,-1.210596,-0.11226465,-0.3375874,-0.36860642,-0.13082854,0.1249711,0.5263851,0.35865402,-0.8776254,-1.2440268,-0.029782984,-0.46861833,-0.12203035,-1.1993388
-0.5218234,-0.32698125,0.67288494,0.29454312,-0.29814482,0.07218253,-1.6832832,0.720245,-0.46072698,-0.18422562,-0.14754863,0.04195564,0.39930958,-0.08099761,-0.8671122,-1.5531452,0.3230749,-1.5496097,-0.22178727,-1.2785047
-0.08884215,-0.24404217,0.7867978,0.037338056,-0.056179687,0.1999341,-0.88311005,0.48270255,0.24718936,-0.14770587,0.3341801,0.49181923,0.15894304,-0.005504305,-1.1634986,-0.8538653,-0.08121379,-1.400153,0.04526025,-1.1902692
-2.7074645,-1.0375756,-1.297061,0.4323471,-3.1902094,0.09302086,-3.1001947,-3.8280294,-1.3879939,-4.000966,-1.4278907,2.594071,-1.3997148,1.0147245,0.07751299,-2.0546074,-0.55119956,1.9497148,-0.093439,-1.1275659
-2.6408467,0.6776367,4.1018996,-2.441794,0.3602686,2.4835541,0.60781,3.239688,1.652133,2.5084178,-3.7942488,1.9417758,-0.75972444,0.411531,-0.87571806,-1.5791426,0.9963336,0.7840504,-1.9077959,-2.6791127
-0.17359604,0.0764965,0.11678792,0.16946305,-0.3358457,0.13427362,-0.10649457,-0.26320413,0.2651815,0.043382116,-0.058918085,0.19588572,0.34562868,-0.004635186,-0.36354515,-0.45683232,-0.048730437,-0.12293104,-0.08632326,-0.41550803
0.0975893,-0.07292703,-0.09572929,0.022772435,0.007413626,0.038438857,-0.07908528,-0.11256836,0.0027394295,-0.04413187,0.075301714,0.059800588,-0.021235362,0.04895209,-0.015808288,-0.15619187,0.09657689,-0.049052216,-0.056129724,-0.17406687
0.3086734,-0.45935312,-0.060678042,0.1524571,0.3853274,0.08554127,-0.27829129,0.14073618,0.43974572,0.258951,0.15519878,-0.45602542,0.3027187,-0.30679992,-0.2946168,-0.7672441,-0.22898613,-0.42688614,0.13232905,-0.80268204
-0.22261278,0.5539655,0.18894061,0.038273416,-0.31488076,0.515121,0.1293165,-0.035817057,1.0831826,-0.42980883,0.13575356,-0.59903985,-0.13992015,0.2307735,-0.18126948,-0.5055496,-0.1814439,0.510226,-0.053237006,-0.87430084
-0.1440046,0.20120381,0.05308983,-0.15195933,0.011816969,0.3922423,0.13645679,-0.24034876,0.4191904,-0.070990905,-0.21949367,-0.14062902,-0.08448418,0.28177476,0.0595769,-0.3296522,-0.1077808,0.31336677,-0.23299727,-0.027526282
0.24684453,-0.01032906,0.08261755,0.26271102,0.35599777,0.22116835,-0.11424256,0.06484878,0.015040938,0.26968715,-0.22622928,0.06489365,0.058881965,-0.029473945,-0.16778472,-0.48718345,-0.041558687,-0.26127484,-0.0010988135,-0.42271018
-0.006658367,-0.114295855,-0.01195564,0.40845048,-0.08909438,-0.031171966,-0.53784263,-0.031210385,-0.25660136,-0.1990711,-0.21100803,0.085276365,-0.019612206,0.034042183,-0.4035797,-0.5627072,0.15831783,-0.568291,-0.024744244,-0.653605
-1.4977571,0.59976506,0.9760674,-2.6490104,2.0924587,2.1247907,0.75025445,1.7550466,1.4223138,0.9754297,0.83108336,1.8561224,-0.3906979,-0.56021684,1.1328678,-0.6434004,0.7083225,1.2129703,0.6324792,-0.90124065
-0.2883344,-0.05298433,0.14761007,0.04357873,-0.21555579,0.3620974,-0.17675534,-0.17456862,0.33937025,0.13753363,0.32178286,-0.17060107,0.3330858,-0.12469774,0.4171337,-0.12687992,0.10099289,0.33858326,-0.006200688,-0.30440938
0.035276458,-0.09959781,0.8032325,0.14900178,-0.037355334,0.15140152,-0.52609193,0.024861176,0.24260138,0.1913779,0.08178835,-0.23921011,0.12876545,-0.020338818,-0.5435204,-0.32358146,-0.5054109,-0.25310612,0.7625275,-0.9053004
0.34884858,-0.22899365,-0.02344367,0.08489025,-0.33297512,0.37252304,0.041955873,-0.21520372,0.42142832,-0.080478325,0.25329813,0.06455231,-0.023886781,0.14794661,-0.34992704,-0.21774743,-0.1549571,-0.14694585,-0.02180061,-0.71425307
-0.03561909,0.074456945,0.08977947,-0.12003141,0.123873234,0.13584495,0.008084072,0.10630706,0.23067313,0.045492124,0.042491212,0.004678819,-0.0569062,0.034981325,-0.025308082,-0.15737545,0.111960925,0.06955212,0.06362724,-0.31222588
-0.11211639,0.0023121275,0.09070178,-0.11877749,-0.053503126,0.122562215,-0.21189325,0.025600336,0.20738462,-0.018529065,0.37226728,-0.037231993,0.17124076,-0.13428184,0.02897646,-0.22454272,0.13550016,0.068741344,0.22168973,-0.22713327
-0.055530235,-0.034080043,0.19944687,0.12798688,-0.12294617,0.38493326,0.057853654,0.00015311036,0.6769103,0.3274407,0.2181511,-0.1157972,0.32047117,-0.047280416,-0.17390238,-0.17012101,-0.12319068,0.028574593,0.23228016,-0.7559162
0.051238257,-0.044066343,-0.0308717,0.09093773,0.02610588,0.00057265535,-0.071014896,-0.092109576,-0.0032347597,-0.05525025,0.04536949,-0.073121056,0.018416505,0.021464605,-0.016854623,-0.111811,0.07022601,-0.034382768,-0.000656968,-0.1330848
0.026336145,0.0056287795,-0.08905747,-0.3068336,0.123572126,0.3799338,0.30778325,-0.5558152,0.5297784,0.13746569,0.5620972,-0.02992805,0.4435037,0.52835417,-0.42585734,-0.27659884,-0.14464721,0.24956939,-0.013571681,-0.5258954
-0.2083682,0.2018829,0.14691147,-0.25813615,-0.18901499,0.42557037,-0.54755276,0.09419501,0.9114292,0.17019697,0.7076926,0.33274862,0.7663775,-0.08527619,0.1367149,-0.77952373,-0.22298387,-0.01960183,0.10998899,-0.64838237
1.4783531,0.39792305,-0.22543064,-0.22699152,0.48356852,0.50953335,-1.4314573,-1.6514117,-0.13190135,0.9188641,0.29720303,1.7358371,-0.13250604,-0.20132351,0.9821109,-1.0251962,-2.0157044,0.33623537,2.1411874,-0.2745127
0.018960085,-0.057696152,0.09272779,-0.0037427237,0.029929504,0.056178942,-0.09944897,-0.0030682748,0.09498884,0.022328977,0.12620942,-0.06648986,-0.006599285,-0.025361314,-0.009731172,-0.2098478,-0.0009785024,-0.09742274,0.025969928,-0.24338208
0.047295127,0.004344539,0.0072613345,0.17185985,0.19711597,0.046854764,-0.04635833,-0.04148534,0.035260193,-0.0010089017,0.048166648,-0.033393167,0.06620132,-0.11138328,-0.083200835,-0.18971494,-0.017973453,-0.17714435,0.042793922,-0.25037235
0.06858243,-0.14031032,-0.030376725,0.02176604,0.18091072,0.1080633,-0.09380328,0.045473717,0.17556004,0.08830061,0.12524818,-0.15584826,0.12805061,-0.05649059,-0.123799354,-0.32075524,-0.053407468,-0.11624088,0.102248356,-0.33401197
0.22956142,-0.16542861,-0.169983,0.17342055,0.1800406,0.01700169,-0.19690365,-0.088818945,-0.004099073,0.013534925,0.143597,-0.4188028,0.067743056,-0.06740787,0.023197144,-0.3324033,-0.013869393,-0.12182961,0.24536322,-0.4117728
0.009077005,-0.030208874,-0.025987048,0.054272834,-0.0831856,-0.037133098,-0.07883312,-0.12864907,-0.03956867,-0.10993882,0.01571977,-0.053858053,-0.016937777,0.03782596,0.015471033,-0.060923547,0.06662928,-0.008958849,0.041504033,-0.11941928
0.06080416,-0.09025912,-0.061866198,0.1186256,0.018538553,0.07244409,-0.085418984,-0.037933055,0.06260021,-0.113519646,0.14409168,-0.13290308,0.06832344,0.06460167,-0.12100506,-0.18601328,0.06270622,-0.1554833,0.13280256,-0.42483383
0.20303276,0.11194506,0.32214358,0.585884,0.48060006,0.15651688,-0.047556065,0.19236916,0.11002027,0.815205,-0.6007342,0.2093423,-0.15153995,-0.36582258,-0.18301955,-1.1204621,-0.1786582,-0.3463944,-0.053055257,-0.8057959
0.015770983,-0.0007629376,0.055277307,0.0047249664,0.031800788,0.016578725,-0.07087013,-0.040087905,0.12657666,0.0046671648,0.117762476,-0.09596532,0.07639206,0.026144207,-0.0032796105,-0.14206518,0.11146656,0.022934798,0.03456662,-0.24777962
0.039024167,-0.03901506,-0.028177895,0.084696725,-0.017394204,-0.03762546,-0.041372325,-0.09803978,-0.016951144,-0.07202604,0.017565342,-0.059939817,-0.061123215,0.006162799,0.012086636,-0.06809322,0.05260553,-0.021464188,0.0200795,-0.117626265
-0.055938795,-0.13577166,-0.0034652576,-0.24929503,0.05473858,0.3300644,-0.17894486,0.03425188,0.37446353,0.17772846,0.36649513,-0.21621248,0.26941037,-0.05607537,0.2729291,-0.25164574,0.10975444,0.19381335,0.17131606,-0.50298834
-0.12377057,-0.023872357,0.015139406,0.0188978,0.11366826,0.095686235,-0.18491068,-0.14044273,0.18176708,-0.1514341,-0.056942232,0.029764058,-0.112223774,-0.062271506,-0.07064747,-0.41983482,-0.09762874,0.07272418,0.0027668457,-0.25010246
-0.148791,-1.7438244,0.70761794,0.32668284,-1.2661409,-0.36176854,-3.2177324,0.5289826,-0.8365331,-0.0338677,-1.7005901,-0.3902976,-0.3340655,-0.76563483,0.5067786,-2.078587,0.996773,-1.9139717,0.5558794,-2.2838314
-0.07943533,-0.08908208,-0.061728757,0.18025683,-0.01245336,0.070649095,-0.075229004,-0.045510046,0.13511854,-0.004585934,-0.15565562,-0.036828604,0.006155703,-0.056686055,-0.036506064,-0.28543994,0.06757314,0.012815331,-0.043100193,-0.30543488
0.24212751,1.2847707,-3.9962454,2.7352219,-1.9571524,0.31160694,-1.1284441,-3.7501488,0.3689095,-1.2678195,-0.5993647,3.4665942,3.191713,0.60440487,-2.1596267,-2.7715628,-1.4151262,-1.114181,-0.8737124,-2.2388442
-0.4340202,0.1214869,0.6761737,0.29910824,-0.41647178,0.07450722,-0.9774605,0.35923532,0.016550964,-0.41703323,0.08058415,-0.03737654,0.056264468,-0.16250846,-0.44425377,-1.0193844,0.36089346,-0.73002195,-0.2458573,-1.2809424
0.96544474,0.38239452,0.2686127,-0.81511325,1.8449556,2.3934014,1.4596628,1.2238542,0.7645262,2.404774,-1.3014184,2.1739297,-0.8457238,0.6142766,-2.6744604,-2.117183,-1.2962115,-0.38522828,-0.7975775,-0.82436275
-0.082943715,-0.14682603,0.15849291,0.5206471,-0.1691257,0.04512252,-0.63049054,0.10738127,-0.29698443,-0.1035348,-0.4319032,-0.15324058,-0.004625444,-0.039757516,-0.26939172,-0.7346915,0.10887044,-0.5324485,-0.10207367,-0.8717627
0.031098038,-0.07106799,0.05498302,-0.01286511,0.16300367,0.15057014,-0.012722932,0.12687604,0.28242517,0.09887053,0.0669412,-0.10548317,0.0374866,-0.10840635,-0.07741713,-0.2630046,0.016190644,-0.055787407,0.119996876,-0.3773257
3.880842,-1.685127,1.842984,0.018722577,-0.84815395,2.4386437,0.7619176,-1.611585,5.4544053,-0.49709034,4.777064,-2.666221,-0.92190886,1.7300304,-1.5476196,-1.5397687,-1.6695694,-2.47865,0.43817484,-7.7578897
0.038833614,-0.051336717,-0.015194709,0.16835627,0.030186396,0.041938357,-0.24667503,0.12669386,0.010927787,-0.09195073,0.089918554,-0.09116725,0.038400635,-0.02433372,-0.18288559,-0.34657696,0.08786036,-0.29136166,0.009470968,-0.38411093
-0.30988446,0.32210428,0.42548552,-0.16185987,0.11043986,0.33224383,0.037741505,0.4824623,0.5752517,0.17220804,0.31180364,-0.052308623,0.18446025,0.23618,-0.083329275,-0.2394274,0.48125184,0.098674215,0.04919648,-0.68428326
2.4543839,-3.5822592,-3.4257832,1.3011408,-3.2374296,3.0505788,-2.558677,-1.9461797,-2.9397614,0.42918697,-1.5892545,0.5735543,1.1459122,0.512265,-0.46954554,-2.5750484,1.1711768,0.8439127,1.8320786,-4.488053
0.14265537,0.03668325,-0.071816415,-0.12470137,0.104997665,0.27971303,-0.20324,0.12559554,0.61057824,0.21370184,-0.07073734,0.2601489,0.20892671,0.10995636,-0.15436907,-0.69119704,-0.035208378,-0.04837779,-0.1717881,-0.48430306
-0.057378277,-0.13924132,-0.10824701,0.07663776,-0.061402436,0.007037243,-0.10770852,-0.07051359,-0.024353305,0.068379946,-0.11467736,-0.1262613,0.057835165,0.09898266,-0.06353267,-0.17977828,0.046219036,0.13999885,0.005732445,-0.09119351
0.030188274,-0.020912133,-0.0058397297,0.08103272,-0.040501934,-0.0052012894,-0.053652108,-0.079644814,0.03003622,-0.046929885,0.031038353,-0.060815208,-0.010593515,-0.01330209,0.031473786,-0.09711483,0.046981532,-0.023877509,0.028803637,-0.14518134
0.08530882,-0.06932688,-0.09262522,0.094649695,0.04952143,-0.010621361,-0.09234922,-0.11071094,0.015597025,-0.030345347,0.059142854,-0.11672466,0.020894477,0.03972375,-0.009618251,-0.15197892,0.017429192,-0.038122524,0.035427503,-0.17170963
0.17728338,-0.16081391,0.085580654,0.009865781,0.2968743,0.103164576,-0.07072337,-0.020975636,0.2573194,0.16333695,0.37240773,-0.22573498,0.19988787,-0.06803053,-0.094928734,-0.28032443,-0.018502597,-0.22940701,0.23808523,-0.40611833
0.10355839,-0.1689214,-0.012884265,-0.4661194,0.08880995,0.12437053,-0.22519481,0.023144476,0.36117032,0.11832745,0.09256506,0.20543112,-0.3066398,0.36931592,0.15230846,-0.22923039,-0.024981905,0.17587382,0.19207928,-0.34707665
-0.09606893,-0.042773094,0.0671949,-0.06249299,0.029451385,-0.012863559,-0.025100818,0.056866895,0.109435774,0.06718767,-0.15588254,0.037424497,-0.10234722,-0.053519692,0.022175357,-0.12925285,0.10646609,0.108068384,0.07995208,-0.22112194
-0.01349553,0.18983892,0.027458917,-0.19421688,-0.08471607,0.37152055,-0.12673603,-0.060148727,0.7081688,0.27945262,0.33817008,0.08742055,0.22876245,0.013750604,0.28925774,-0.44107965,-0.072815955,0.18487467,0.20824021,-0.54130375
0.03542612,-0.04636332,-0.030849136,0.09002912,-0.028535776,-0.04676006,-0.056065865,-0.100933805,-0.026456703,-0.07172998,-0.0022989595,-0.061882246,-0.05653799,0.0033233343,0.00828108,-0.07150448,0.049310524,-0.022179399,0.025137944,-0.11347188
-0.08924326,-0.31340334,-0.5105252,0.7333028,-0.29759857,-0.28254494,-0.9195189,-0.2771504,-0.43515033,-0.47131246,-0.114429794,-0.21025059,-0.09815804,0.3323461,0.02517129,-0.7705353,0.58926225,-0.14988908,-0.18653497,-0.75533277
-0.59333354,0.63834256,0.9381015,-0.6681297,-0.44479647,0.7611018,-0.0512144,0.50319695,1.591898,0.631162,0.23000479,0.40531006,0.25161207,-0.4198504,0.25209662,-0.6500862,-0.085452735,0.52109253,0.4417469,-1.2354904
0.014794123,0.04178125,0.047333546,0.07145527,0.09917984,0.05308138,-0.034190595,-0.06293526,0.113750964,-0.019766718,0.12528124,-0.050388377,0.08245899,-0.08309124,-0.043732762,-0.13826564,-0.009116563,-0.0912967,0.10146135,-0.225762
0.12768094,-0.088978425,-0.055076305,0.12007967,-0.03156439,0.08224946,-0.0378474,-0.16728653,0.19311541,-0.11148244,0.054210734,-0.28703275,-0.036995616,0.09649381,0.018176347,-0.10732449,0.11346676,0.06756276,0.0041555483,-0.2984519
0.035680454,-0.045568008,-0.032023862,0.091387615,-0.027584419,-0.04561205,-0.0562742,-0.1005408,-0.025836684,-0.07314732,-0.0012696888,-0.062260788,-0.055021357,0.0032211496,0.0051567242,-0.07244402,0.05054005,-0.023892153,0.02495526,-0.11450893
0.0358001,-0.04637106,-0.030616127,0.08985565,-0.028345004,-0.046578497,-0.055942316,-0.10091762,-0.026322272,-0.07182136,-0.0019877087,-0.061958805,-0.056720365,0.0033190185,0.008317327,-0.07154808,0.049176447,-0.022195209,0.025315356,-0.1137052
-0.01670868,-0.044354644,0.029209776,0.060250953,0.038096532,0.015700908,-0.13735518,-0.07613359,0.010556851,-0.034008287,-0.0400809,0.070133165,-0.024808543,-0.073440775,0.053287804,-0.14320819,0.13920774,-0.044709414,0.043012977,-0.20281248
-0.06657109,0.0068495646,0.11685247,-0.032212585,-0.0029244008,0.080585755,0.032539174,0.031207394,0.23134048,-0.033221498,0.05051676,-0.090572335,0.14767332,0.163119,-0.076909035,-0.12850693,0.21881174,-0.043442603,-0.04857947,-0.42512614
0.14111944,-0.05988725,0.45829868,-0.05234258,0.2398959,0.495722,0.05335817,0.20722142,0.7645354,0.36866403,0.29224196,-0.24781999,0.31281573,-0.30069727,-0.32420117,-0.6395716,-0.13206552,-0.31555745,0.046293497,-0.7747143
0.10209679,-0.09762323,-0.4404071,0.22374406,-0.19316643,0.010225933,-0.18565884,-0.41313976,0.5467977,-0.14111367,0.32376453,-0.014525577,0.6558676,-0.1347745,-0.1887289,-0.53222007,-0.3359806,-0.13243143,0.23362556,-0.46171165
0.08889558,-0.050080772,-0.019169312,0.037275895,0.11307291,0.10741201,-0.04534963,0.005669781,0.16663603,0.03247207,0.12912315,-0.12678948,0.048985522,-0.01692707,-0.018982347,-0.21115507,0.05224883,-0.05930209,0.0789356,-0.27453834
0.1436108,-0.37866873,-0.06057751,0.10629818,0.10537852,-0.03706608,-0.24316236,0.031681582,0.14948346,0.15206148,0.009071315,-0.26853362,0.26157954,-0.15364325,-0.17224018,-0.45173702,-0.1607924,-0.24574634,0.13752699,-0.4161744
0.16411921,-0.2407508,0.015940648,-0.01946034,-0.005054825,0.06748818,-0.19642814,-0.031490285,0.049104176,0.0019685607,0.22125278,-0.19812903,-0.0066315937,0.08765881,-0.023566375,-0.11459034,0.06109017,-0.08997149,0.121235505,-0.32849848
0.14860214,-0.1290724,0.023811586,0.018928736,0.2523776,0.025502162,-0.21131556,0.06218392,0.29449978,0.0814239,0.37037325,-0.20456015,0.19735166,-0.030463826,-0.16009681,-0.4093603,-0.031728555,-0.2285103,0.06582178,-0.4114651
0.04031512,-0.017225925,-0.05076784,0.1325701,-0.044788573,0.11270136,0.06378865,-0.041136574,0.097228244,-0.033950336,0.12608376,-0.015274217,-0.0352685,0.044178735,-0.19479285,-0.16649254,-0.069524854,-0.02999252,0.057097286,-0.29748476
-0.035436235,0.10438141,0.2502436,-0.1976094,0.014249937,0.5625846,-0.103782445,-0.17556684,0.47745517,0.13122018,0.23182175,0.032626443,0.25028688,0.02359531,0.20200062,-0.28544068,0.060400497,-0.03578765,0.058635063,-0.8419292
-0.11553692,-0.060020987,-0.0010044322,-0.00506585,-0.026790105,0.005522689,-0.047782574,-0.025172152,0.06430358,-0.023952868,0.028522054,-0.083010264,0.10186589,0.010316717,-0.030051993,-0.11481984,0.06795305,0.055312052,0.0046567973,-0.18544522
0.04513082,-0.06886725,0.016950225,0.099655256,-0.014280963,-0.01794446,-0.06364347,-0.08605077,-0.012122983,-0.06354943,-0.03869208,-0.11841744,-0.12914707,-0.025953364,0.0179369,-0.15150385,0.018489622,-0.03143212,0.038855612,-0.20135637
0.08239217,-0.10370891,-0.062263522,0.09727144,0.050880782,0.009319713,-0.09139943,-0.027132422,0.057510518,0.030244932,0.035450794,-0.12757699,0.039231077,-0.0043563936,-0.061523497,-0.21562676,-0.011706888,-0.06561034,0.05040279,-0.20009801
-0.29654253,-0.7346847,0.37900037,-0.4414407,-0.15669961,-0.026652355,-0.5235752,-0.100845255,-0.4420539,0.9824678,0.84750015,-0.99143296,0.6641266,0.17772684,0.4663199,0.146546,0.20238942,1.1468,0.86991584,-0.23563538
0.0359461,-0.0463421,-0.031111795,0.09051749,-0.026817363,-0.04643689,-0.055241574,-0.10011736,-0.025508123,-0.07029042,-0.0011415537,-0.06281789,-0.05577552,0.0039346386,0.009060654,-0.07230194,0.049265478,-0.022773616,0.025147963,-0.11429484
-0.14375485,-1.4406555,1.3621774,0.26250148,0.1292502,-0.024062794,-1.1084929,1.1047741,-1.1016155,0.7144231,-0.19050054,-0.893389,0.392573,-0.40247068,-0.14914098,-0.6617212,0.6165215,-1.367259,1.3226198,-1.6635548
0.03570014,-0.046573024,-0.030656908,0.090051554,-0.028683063,-0.04687059,-0.05620557,-0.10080296,-0.026397178,-0.07216399,-0.0018470972,-0.06243553,-0.0563845,0.0035170093,0.007941824,-0.07140209,0.049307365,-0.02254944,0.025265459,-0.11386676
-1.4884194,-1.0052626,-1.3048903,1.6712885,-1.7142221,-0.94536644,-1.9019315,-0.2522853,-0.21124147,-1.9579116,-1.732912,0.07644119,0.041236356,0.13962112,-2.7775025,-2.0396137,0.23487872,-1.3214737,-1.8012005,-1.9556631
0.031146534,-0.049756076,-0.027958643,0.0842476,-0.022619102,-0.050495185,-0.0527515,-0.09820458,-0.0076207896,-0.06294666,-0.012166807,-0.057625964,-0.057127155,-0.0014717253,0.012078173,-0.08352004,0.058069665,-0.024015456,0.03141185,-0.12612379
0.16402723,0.0516488,-0.19841485,0.16895796,0.028257258,0.16157793,-0.016876822,-0.15208644,0.093245424,-0.01653281,-0.013278572,-0.037509166,0.09690773,-0.017235149,-0.058330193,-0.29401731,0.01300034,-0.02814047,0.113288306,-0.33212352
0.09665126,0.01510007,0.0466746,0.017915376,0.09339521,0.16503958,-0.024824496,-0.003779946,0.22163737,0.007110412,0.19883086,-0.09816288,0.01975022,-0.0020127003,0.015655199,-0.24900067,0.043800045,-0.08973215,0.05531434,-0.33558726
0.12002791,0.36748758,-0.5055923,-0.025756996,-0.39088595,0.30862245,-0.2533263,-0.64457226,0.7193638,-0.31193897,0.39373824,0.14042632,0.61156714,-0.00501905,0.263614,-0.52890015,-0.18680884,0.0586401,0.07786563,-0.45142734
0.106324926,-0.20055641,-0.24080625,0.09321926,-0.08012358,0.16626936,-0.20684083,-0.1540745,0.30388513,0.010184913,0.3673576,-0.26120347,0.41829732,-0.060107566,-0.06039834,-0.43384004,-0.046059128,-0.0633043,0.22596909,-0.4694659
-0.12484918,-0.060654808,0.13943647,-0.25161782,0.15598758,0.19724436,0.015301843,0.07326209,0.26673198,0.10434897,0.12978537,-0.015440833,0.02111331,-0.0033964552,0.06852484,-0.15333651,0.087821335,0.15095729,0.08875707,-0.33180493
0.36424506,-0.21306148,-0.11016901,0.05590966,0.306802,0.28650448,-0.29875073,0.0722528,0.3749864,0.2550973,0.508771,-0.44293514,0.44298914,-0.15033218,-0.00454471,-0.7453097,-0.05928995,-0.33908996,0.21260315,-0.66438466
0.23280452,-0.2672262,-0.07273709,0.09875607,0.3224268,0.15061317,-0.17756943,0.1115216,0.4379395,0.15239629,0.33526158,-0.34173968,0.31238863,-0.26792336,-0.2349432,-0.6023478,-0.3024952,-0.36767155,0.2659622,-0.5940178
0.071385585,0.044719778,0.4489035,-0.35485652,0.26508087,0.13813533,-0.10692549,-0.07296871,0.7536553,0.45219722,0.2960103,-0.06215759,0.28522655,0.21304898,0.19181482,-0.3513881,0.0825751,0.068958364,0.20062709,-0.7120194
-2.4809196,-2.2428617,-0.963604,1.5067987,-0.5914428,-0.8246485,-0.94284904,-1.1697218,-0.61766607,-0.32081947,-3.879973,0.62127125,-0.5306797,-1.3598007,-0.81083566,-1.2832514,0.5222043,0.90811396,0.12389648,0.23931046
0.02365053,-0.04197128,-0.008382929,0.022558734,-0.0078892335,0.020042581,-0.08976483,-0.072433054,0.08962197,-0.034343794,0.15074874,-0.09167824,0.08511814,-0.007578112,0.027200691,-0.15772103,0.037077773,-0.033165235,0.09569734,-0.20541455
-0.23401652,-0.167144,0.13591424,-0.13931865,-0.45094457,0.06718712,-0.2171033,-0.5475752,0.22184825,-0.36817285,0.07059214,0.017620187,0.06740026,-0.11444811,0.14275661,-0.18038227,-0.14075077,0.1507417,0.0976451,-0.28310007
-0.00066935923,-0.055824067,0.035959072,0.0268622,0.17010878,0.29305902,-0.010475283,0.23525624,0.3462163,0.3034311,-0.20976456,-0.03799402,0.20478567,-0.059239186,-0.26733166,-0.57649827,-0.13084841,-0.031832643,-0.057372063,-0.38108534
0.10652481,-0.08852258,0.08889268,-0.07172024,0.29885563,0.30406696,0.013935613,0.20278569,0.51700985,0.22510675,0.22911732,-0.10027836,0.16338477,-0.1916442,-0.2414623,-0.48498252,-0.1612825,-0.079000555,0.27157658,-0.5606349
-0.07956568,-0.09115741,0.15027188,-0.03625374,0.20350674,0.22778186,-0.14010645,0.3245055,0.3302999,0.17337449,0.34411767,-0.24616618,0.28566074,-0.049387857,-0.16857748,-0.50693494,0.032336775,-0.1512189,0.2736351,-0.55152124
0.2200768,0.29435056,-0.8199688,1.1434004,-0.25721225,0.091655575,-0.661618,-0.25073206,-0.4022567,-0.3773563,-0.5911725,0.15122764,0.2641726,0.105820626,-0.6727769,-1.0808479,-0.107906386,-0.815467,-0.1430718,-1.1512935
-0.016448352,-0.011787023,-0.02260531,0.088932924,-0.024630405,0.005484663,-0.14213778,0.00750989,0.0063984506,-0.046480007,0.06943364,-0.10745293,0.10522516,-0.0012377053,-0.008650702,-0.21111262,0.1139532,-0.083115615,0.038572147,-0.22830474
0.035402786,-0.045761805,-0.031504687,0.09007692,-0.02880624,-0.045829445,-0.055504013,-0.10135332,-0.025663204,-0.07161965,-0.0024156729,-0.06136368,-0.055696085,0.0034081228,0.007832751,-0.072287515,0.04849902,-0.0222435,0.024839863,-0.11387695
-0.037109427,-0.08326951,0.07759577,-0.13529897,-0.113263585,0.20052738,-0.112590045,-0.10131803,0.18243174,0.03182298,0.15746586,-0.05919078,0.05381205,-0.016857274,0.21784584,-0.0237218,0.12418885,0.14028315,0.014684307,-0.21761781
0.24848028,-0.23558237,-0.054236565,0.1191816,0.35601914,0.17296867,-0.1553008,0.17740181,0.38975286,0.20838377,0.2813228,-0.35096288,0.31699786,-0.20514852,-0.24850829,-0.59098905,-0.18687111,-0.3390108,0.26103753,-0.6083926
0.0055560535,0.026508037,0.031186972,-0.06312355,-0.020194184,0.08657938,-0.11059797,-0.09457019,0.1608253,-0.023939855,0.14270668,-0.008449358,-0.01862229,-0.05950498,-0.010883588,-0.23419248,0.069954306,0.028429627,0.12601052,-0.20488487
-0.10609066,-0.9044356,1.718884,1.3578587,-1.2106754,1.318453,0.77052975,-0.9569796,1.9370881,1.0811741,-0.29890764,0.5270465,1.7704008,-1.0813276,-2.5207107,-0.2151547,-0.84132415,-0.7442645,-0.67517704,-3.176059
-0.03634206,0.17700917,-0.016900998,0.1607278,0.027197413,0.38004887,-0.19436267,0.07369419,0.017025845,-0.17799883,-0.04343275,0.14260535,0.15092863,0.19178647,-0.44881368,-0.59290826,0.1500156,-0.29342267,-0.25278604,-0.57687604
0.06517306,-0.67828155,-0.5191744,0.3817264,-0.5641069,0.2745849,-0.57269114,-0.65212643,-0.22636713,-0.08016012,-0.15802021,-0.027044721,0.37104306,0.03290594,-0.29169855,-0.49962255,0.18668906,0.09655338,0.3439657,-0.8023553
0.13696215,-0.25737953,-0.1068223,0.11248018,0.3163881,0.14594634,-0.22346754,0.026270099,0.2755842,0.114949174,0.21430026,-0.36711183,0.054414894,-0.12508088,-0.03930828,-0.5306905,-0.068755224,-0.113444455,0.14981782,-0.48109937
0.06618796,-0.1889451,-0.27241284,0.16072924,-0.25549558,0.23654597,-0.34127894,0.077986725,-0.12830721,0.062701195,0.052571677,-0.16240644,0.36387193,-0.0077698175,-0.13086037,-0.48897672,0.2563802,-0.022848837,0.13755636,-0.5551061
-0.15140659,-0.029698528,0.14963491,-0.12727128,-0.35743064,0.07279791,-0.20923597,-0.2475391,0.22551481,-0.20045409,0.10631901,-0.010920139,0.13211271,-0.0915349,0.15743065,-0.13145594,-0.036941584,0.07658628,0.10593796,-0.22683151
0.03218019,-0.03316169,-0.06649189,0.089530244,-0.011318791,0.012104228,-0.051907517,-0.10545616,-0.042534888,-0.080738656,0.018176695,-0.052390803,-0.0026241592,0.011901985,-0.031158047,-0.119027585,0.11318871,-0.072259344,0.030991567,-0.124518916
0.03996325,0.16517095,-0.027686773,0.1081154,-0.16376705,0.2517287,0.1038164,-0.21369119,0.23206404,-0.05632386,0.032129955,-0.16324644,0.21314818,0.039082516,-0.094997786,-0.17241378,0.033494834,0.23651409,0.16458309,-0.41279757
0.0074370466,-0.121702686,0.06550795,0.120811746,-0.00092491833,0.004978977,-0.18101773,0.020916112,0.0004981579,0.10696039,-0.026151672,-0.09564946,0.076685496,-0.0025075036,-0.008333412,-0.23214301,0.07483736,-0.11956059,0.09361565,-0.27744383
0.104214616,-0.06505847,-0.018230084,-0.04516979,-0.02415622,0.07777853,-0.119267136,-0.15984482,0.06373834,-0.03705159,0.18377388,0.052948795,-0.005638137,0.013604871,0.09786226,-0.12573934,0.11318683,-0.065023005,0.025881687,-0.18276817
0.16871919,-0.35958442,-0.05251379,0.13481902,0.1126563,0.011964733,-0.177746,0.024794225,0.16359611,0.1508341,0.12459904,-0.25891644,0.17570196,-0.09198988,-0.1086002,-0.35140002,-0.12641418,-0.22329944,0.102971554,-0.40037423
1.456475,0.6242485,0.90700126,-0.12076581,0.36963472,1.2564678,0.5133084,-0.85005194,1.030113,0.09987325,1.0278323,1.2668854,0.3037228,0.28842902,-0.600344,-0.18679537,0.2788565,-1.042,0.665394,-0.91843176
-0.21460713,-0.97991693,-0.42010212,3.3873284,-0.26923165,0.28834057,-2.1925318,-0.563041,-1.0134791,-1.7686535,-0.69353527,-0.6322335,0.18844526,-0.52249235,-1.4685727,-2.0460927,0.26613337,-2.620221,-1.0865442,-4.1414733
