label,Group,numOtus, o__Burkholderiales, o__Rhizobiales, o__Veillonellales-Selenomonadales, o__Pseudomonadales, o__Lactobacillales, o__Sphingobacteriales, o__Flavobacteriales, o__Thermales, o__Cytophagales, o__Bacillales, o__Sphingomonadales, o__Bdellovibrionales, o__Obscuribacterales, o__Enterobacterales, o__Caulobacterales, o__Fusobacteriales, o__Propionibacteriales, o__Bacteroidales, o__Oligoflexales, o__Exiguobacterales, o__Micrococcales, o__Peptostreptococcales-Tissierellales, o__Staphylococcales, o__Lachnospirales, o__Pasteurellales, o__Campylobacterales, o__Rhodobacterales, o__Chlamydiales, o__Saccharimonadales, o__Candidatus_Kaiserbacteria, o__Thermoanaerobacterales, o__Frankiales, o__Xanthomonadales, o__Oscillospirales, o__Clostridiales, o__Verrucomicrobiales, o__Erysipelotrichales, o__Lineage_IV, o__Desulfovibrionales, o__Polyangiales, o__Christensenellales, o__Victivallales, o__Rhodospirillales, o__Coriobacteriales, o__Omnitrophales, o__Myxococcales, o__Bacteriovoracales, o__0319-6G20, o__Microtrichales, o__Chitinophagales, o__Acetobacterales, o__Steroidobacterales, o__Acidaminococcales, o__Solirubrobacterales, o__SBR1031, o__Gracilibacteria, o__JGI_0000069-P22, o__Deinococcales, o__Kallotenuales, o__Chloroflexales, o__Paenibacillales, o__Rokubacteriales, o__Caenarcaniphilales, o__Candidatus_Komeilibacteria, o__Absconditabacteriales_(SR1), o__Spirochaetales, o__Clostridia_UCG-014, o__Gastranaerophilales, o__Clostridia_vadinBB60_group, o__Vicinamibacterales, o__Babeliales, o__Candidatus_Falkowbacteria, o__Pyrinomonadales, o__Candidatus_Staskawiczbacteria, o__Cyanobacteriales, o__Candidatus_Peribacteria, o__Mycoplasmatales, o__OLB14, o__Thermomicrobiales, o__Berkelbacteria, o__Chthoniobacterales,treatment
0.03,SRR3991444,81,27,9,9,2,0,0,0,0,0,0,0,0,0,0,0,0,0,0,0,0,0,0,0,0,0,0,0,0,0,0,0,0,0,0,0,0,0,0,0,0,0,0,0,0,0,0,0,0,0,0,0,0,0,0,0,0,0,0,0,0,0,0,0,0,0,0,0,0,0,0,0,0,0,0,0,0,0,0,0,0,0,Squamous
0.03,SRR3991609,81,123,22,36,0,26,25,26,0,0,0,0,0,0,0,0,0,0,0,0,0,0,0,0,0,0,0,0,0,0,0,0,0,0,0,0,0,0,0,0,0,0,0,0,0,0,0,0,0,0,0,0,0,0,0,0,0,0,0,0,0,0,0,0,0,0,0,0,0,0,0,0,0,0,0,0,0,0,0,0,0,0,Adenocarcinoma
0.03,SRR3991531,81,115,82,0,205,11,0,0,1154,204,92,43,37,27,17,14,20,5,0,0,0,0,0,0,0,0,0,0,0,0,0,0,0,0,0,0,0,0,0,0,0,0,0,0,0,0,0,0,0,0,0,0,0,0,0,0,0,0,0,0,0,0,0,0,0,0,0,0,0,0,0,0,0,0,0,0,0,0,0,0,0,0,Squamous
0.03,SRR3991495,81,320,20,0,165,147,0,0,1121,0,17,0,0,0,41,0,47,0,239,15,0,0,0,0,0,0,0,0,0,0,0,0,0,0,0,0,0,0,0,0,0,0,0,0,0,0,0,0,0,0,0,0,0,0,0,0,0,0,0,0,0,0,0,0,0,0,0,0,0,0,0,0,0,0,0,0,0,0,0,0,0,0,Adenocarcinoma
0.03,SRR3991554,81,411,0,0,51,0,0,83,0,0,35,125,0,0,0,0,0,0,0,0,26,2,2,0,0,0,0,0,0,0,0,0,0,0,0,0,0,0,0,0,0,0,0,0,0,0,0,0,0,0,0,0,0,0,0,0,0,0,0,0,0,0,0,0,0,0,0,0,0,0,0,0,0,0,0,0,0,0,0,0,0,0,Squamous
0.03,SRR3991568,81,232,53,0,210,11,0,49,0,0,0,8,0,19,0,2,0,0,0,0,0,0,0,109,28,6,2,0,0,0,0,0,0,0,0,0,0,0,0,0,0,0,0,0,0,0,0,0,0,0,0,0,0,0,0,0,0,0,0,0,0,0,0,0,0,0,0,0,0,0,0,0,0,0,0,0,0,0,0,0,0,0,Squamous
0.03,SRR3991477,81,386,100,106,213,133,0,142,3252,0,0,0,0,0,0,0,86,0,8,0,0,25,92,0,32,0,0,61,11,42,21,4,0,0,0,0,0,0,0,0,0,0,0,0,0,0,0,0,0,0,0,0,0,0,0,0,0,0,0,0,0,0,0,0,0,0,0,0,0,0,0,0,0,0,0,0,0,0,0,0,0,0,Adenocarcinoma
0.03,SRR3991372,81,144,188,0,190,85,0,0,0,0,0,0,0,0,0,0,0,0,0,0,0,0,0,0,0,0,0,0,0,0,0,0,59,0,0,0,0,0,0,0,0,0,0,0,0,0,0,0,0,0,0,0,0,0,0,0,0,0,0,0,0,0,0,0,0,0,0,0,0,0,0,0,0,0,0,0,0,0,0,0,0,0,Squamous
0.03,SRR3991625,81,382,26,0,75,30,0,0,0,0,0,0,0,40,39,30,0,0,0,0,0,0,0,0,0,0,0,0,0,0,0,0,0,68,0,0,0,0,0,0,0,0,0,0,0,0,0,0,0,0,0,0,0,0,0,0,0,0,0,0,0,0,0,0,0,0,0,0,0,0,0,0,0,0,0,0,0,0,0,0,0,0,Adenocarcinoma
0.03,SRR3991604,81,185,2,0,85,92,0,62,0,0,0,0,10,0,27,0,0,0,0,0,0,0,0,10,0,0,0,0,0,0,0,0,0,0,0,0,0,0,0,0,0,0,0,0,0,0,0,0,0,0,0,0,0,0,0,0,0,0,0,0,0,0,0,0,0,0,0,0,0,0,0,0,0,0,0,0,0,0,0,0,0,0,Adenocarcinoma
0.03,SRR3991441,81,589,0,159,196,32,0,60,0,0,0,59,0,0,147,0,0,0,1576,0,0,28,43,227,1091,0,0,0,0,0,0,0,0,0,579,126,79,24,11,15,28,10,0,0,0,0,0,0,0,0,0,0,0,0,0,0,0,0,0,0,0,0,0,0,0,0,0,0,0,0,0,0,0,0,0,0,0,0,0,0,0,0,Squamous
0.03,SRR3991440,81,463,162,0,405,21,0,136,0,0,0,0,0,27,0,106,0,0,0,0,0,0,0,11,0,0,0,0,0,0,0,0,0,0,0,0,0,0,0,0,0,0,0,0,0,0,0,0,0,0,0,0,0,0,0,0,0,0,0,0,0,0,0,0,0,0,0,0,0,0,0,0,0,0,0,0,0,0,0,0,0,0,Squamous
0.03,SRR3991569,81,153,12,0,190,1013,0,0,0,0,0,0,0,0,0,0,0,0,0,0,0,0,0,0,0,0,0,0,0,0,0,0,0,0,0,0,0,0,0,0,0,0,0,0,0,0,0,0,0,0,0,0,0,0,0,0,0,0,0,0,0,0,0,0,0,0,0,0,0,0,0,0,0,0,0,0,0,0,0,0,0,0,Squamous
0.03,SRR3991382,81,590,57,0,468,77,0,462,0,0,78,25,0,0,0,0,0,0,1373,0,0,0,0,6,147,0,0,0,0,0,0,0,0,0,331,0,398,11,0,28,0,17,110,143,0,0,0,0,0,0,0,0,0,0,0,0,0,0,0,0,0,0,0,0,0,0,0,0,0,0,0,0,0,0,0,0,0,0,0,0,0,0,Adenocarcinoma
0.03,SRR3991507,81,149,0,0,30,67,0,38,2,0,0,6,0,4,0,0,0,0,21,0,0,24,4,2,0,0,2,0,35,0,42,0,0,0,0,0,0,0,0,0,0,0,0,0,0,0,0,0,0,0,0,0,0,0,0,0,0,0,0,0,0,0,0,0,0,0,0,0,0,0,0,0,0,0,0,0,0,0,0,0,0,0,Squamous
0.03,SRR3991549,81,1230,83,0,626,27,0,276,0,0,46,169,0,0,5,0,0,0,0,0,20,16,0,0,0,0,0,0,0,0,0,0,0,74,0,0,0,0,0,0,0,0,0,0,0,0,0,0,0,0,0,0,0,0,0,0,0,0,0,0,0,0,0,0,0,0,0,0,0,0,0,0,0,0,0,0,0,0,0,0,0,0,Squamous
0.03,SRR3991607,81,3713,57,0,289,7,12,1203,0,0,0,0,0,12,35,8,0,0,0,0,0,0,0,0,0,0,0,0,0,0,0,0,0,4,0,0,0,0,0,0,0,0,0,0,0,0,0,0,0,0,0,0,0,0,0,0,0,0,0,0,0,0,0,0,0,0,0,0,0,0,0,0,0,0,0,0,0,0,0,0,0,0,Adenocarcinoma
0.03,SRR3991379,81,339,0,0,18086,13,0,11,37,0,0,14,0,0,0,0,0,0,0,0,0,0,0,0,0,0,0,0,0,0,0,0,0,0,0,0,0,0,0,0,0,0,0,0,0,0,0,0,0,0,0,0,0,0,0,0,0,0,0,0,0,0,0,0,0,0,0,0,0,0,0,0,0,0,0,0,0,0,0,0,0,0,Adenocarcinoma
0.03,SRR3991369,81,320,55,0,636,0,0,2,0,0,0,487,0,0,51,0,0,0,978,0,0,10,0,2,640,0,837,0,0,0,0,0,0,0,176,0,0,0,0,114,0,0,0,0,28,0,0,0,0,0,0,0,0,0,0,0,0,0,0,0,0,0,0,0,0,0,0,0,0,0,0,0,0,0,0,0,0,0,0,0,0,0,Adenocarcinoma
0.03,SRR3991353,81,454,20,0,53,11,0,17,0,0,4,32,0,0,12,0,0,0,0,0,0,0,0,48,0,0,0,0,0,11,0,0,0,5,0,0,0,0,0,0,0,0,0,0,0,0,0,0,0,0,0,0,0,0,0,0,0,0,0,0,0,0,0,0,0,0,0,0,0,0,0,0,0,0,0,0,0,0,0,0,0,0,Adenocarcinoma
0.03,SRR3991505,81,586,0,6,170,68,0,276,0,105,121,0,0,0,0,0,0,0,5,0,0,26,0,153,42,0,0,0,13,32,26,0,0,41,0,0,68,0,0,0,0,0,0,0,0,39,55,7,4,0,0,0,0,0,0,0,0,0,0,0,0,0,0,0,0,0,0,0,0,0,0,0,0,0,0,0,0,0,0,0,0,0,Adenocarcinoma
0.03,SRR3991513,81,656,35,0,318,71,0,175,0,112,65,83,0,0,0,0,0,0,0,18,0,6,0,9,0,0,0,0,0,66,17,0,0,34,54,0,0,28,0,0,0,0,0,0,0,0,0,0,0,0,0,0,0,0,0,0,0,0,0,0,0,0,0,0,0,0,0,0,0,0,0,0,0,0,0,0,0,0,0,0,0,0,Adenocarcinoma
0.03,SRR3991534,81,202,150,0,365,54,0,105,4065,2,75,87,0,0,58,0,0,0,0,37,0,0,6,280,0,0,0,0,0,30,17,0,32,0,0,0,0,0,0,0,0,0,0,0,0,0,0,10,0,0,0,0,0,0,0,0,0,0,0,0,0,0,0,0,0,0,0,0,0,0,0,0,0,0,0,0,0,0,0,0,0,0,Adenocarcinoma
0.03,SRR3991610,81,135,45,0,27,0,0,20,0,0,0,16,0,0,0,0,0,0,0,0,0,0,0,0,0,0,0,0,0,0,0,0,0,0,0,0,0,0,0,0,0,0,0,0,0,0,0,0,0,0,0,0,0,0,0,0,0,0,0,0,0,0,0,0,0,0,0,0,0,0,0,0,0,0,0,0,0,0,0,0,0,0,Squamous
0.03,SRR3991511,81,149,8,0,31,27,0,0,0,0,78,0,0,0,7,0,4,0,0,0,0,0,0,5,0,0,0,25,0,0,5,0,0,0,0,0,0,0,0,0,0,0,0,0,0,0,0,0,0,6,0,0,0,0,0,0,0,0,0,0,0,0,0,0,0,0,0,0,0,0,0,0,0,0,0,0,0,0,0,0,0,0,Adenocarcinoma
0.03,SRR3991364,81,580,0,0,255,11,0,308,0,0,0,52,0,0,0,0,0,0,0,0,0,0,0,88,0,0,0,0,0,31,0,0,0,0,0,0,0,0,0,0,0,0,0,0,0,0,0,0,0,0,0,0,0,0,0,0,0,0,0,0,0,0,0,0,0,0,0,0,0,0,0,0,0,0,0,0,0,0,0,0,0,0,Squamous
0.03,SRR3991510,81,122,0,0,85,2,0,0,0,0,0,5,0,7,0,0,0,0,53,0,0,0,0,0,0,0,0,0,0,0,0,0,0,0,0,0,0,0,0,0,0,0,0,0,0,0,0,0,0,0,0,0,0,0,0,0,0,0,0,0,0,0,0,0,0,0,0,0,0,0,0,0,0,0,0,0,0,0,0,0,0,0,Squamous
0.03,SRR3991472,81,1294,0,0,0,0,0,1311,0,0,0,100,0,579,0,219,0,0,0,0,0,0,0,0,0,0,0,0,0,0,0,0,0,0,0,0,0,0,0,0,0,0,0,0,0,0,0,0,0,0,0,0,0,0,0,0,0,0,0,0,0,0,0,0,0,0,0,0,0,0,0,0,0,0,0,0,0,0,0,0,0,0,Squamous
0.03,SRR3991584,81,72,143,0,44,106,0,169,0,0,0,0,0,0,0,0,0,0,31,0,0,0,0,0,11,27,0,0,0,0,0,0,0,0,0,0,0,0,0,0,0,0,0,0,0,0,0,0,0,0,0,0,0,0,0,0,0,0,0,0,0,0,0,0,0,0,0,0,0,0,0,0,0,0,0,0,0,0,0,0,0,0,Squamous
0.03,SRR3991399,81,2467,59,0,1023,146,32,1776,0,0,23,243,0,179,6,0,0,0,0,40,0,0,0,45,0,0,0,0,22,0,0,0,0,0,4,0,0,0,0,0,0,0,0,0,0,0,0,0,0,0,100,0,0,0,0,0,0,0,0,0,0,0,0,0,0,0,0,0,0,0,0,0,0,0,0,0,0,0,0,0,0,0,Squamous
0.03,SRR3991517,81,93,102,0,36,89,0,56,0,0,14,5,0,0,0,0,0,0,0,0,0,29,0,15,0,2471,0,0,0,0,0,0,0,0,0,0,0,0,0,0,0,0,0,0,0,0,0,0,0,0,24,68,0,0,0,0,0,0,0,0,0,0,0,0,0,0,0,0,0,0,0,0,0,0,0,0,0,0,0,0,0,0,Adenocarcinoma
0.03,SRR3991597,81,62,0,0,1446,27,0,0,0,0,0,59,0,0,0,0,0,0,0,0,0,0,0,0,0,0,0,0,0,0,0,0,0,109,0,0,0,0,0,0,0,0,0,0,0,0,0,0,0,0,0,0,0,0,0,0,0,0,0,0,0,0,0,0,0,0,0,0,0,0,0,0,0,0,0,0,0,0,0,0,0,0,Squamous
0.03,SRR3991519,81,641,0,0,262,86,0,354,0,34,53,27,4,28,0,84,0,0,4,0,0,0,0,6,5,0,0,0,0,9,36,0,0,0,0,0,0,0,0,0,0,0,0,0,0,0,0,0,0,0,20,0,9,0,0,0,0,0,0,0,0,0,0,0,0,0,0,0,0,0,0,0,0,0,0,0,0,0,0,0,0,0,Adenocarcinoma
0.03,SRR3991503,81,48,15,0,131,80,0,387,1447,0,0,0,0,5,2455,0,7387,0,4975,2,0,0,382,0,197,1,120,0,0,0,0,0,0,0,464,202,520,29,0,0,0,0,0,0,26,0,0,0,0,0,0,0,0,95,0,0,0,0,0,0,0,0,0,0,0,0,0,0,0,0,0,0,0,0,0,0,0,0,0,0,0,0,Adenocarcinoma
0.03,SRR3991398,81,408,90,0,2470,858,0,177,0,27,0,0,0,0,12,65,0,0,0,0,0,0,34,7,0,0,0,0,0,54,0,0,0,56,0,0,0,0,0,0,0,0,0,0,0,0,0,0,0,0,0,0,0,0,41,0,0,0,0,0,0,0,0,0,0,0,0,0,0,0,0,0,0,0,0,0,0,0,0,0,0,0,Adenocarcinoma
0.03,SRR3991350,81,819,119,0,328,81,0,0,0,0,123,235,0,0,244,81,0,0,33,0,0,0,0,162,0,0,0,0,0,0,0,0,0,225,0,0,0,68,0,0,0,0,0,0,0,0,0,0,0,0,0,0,0,0,0,0,0,0,0,0,0,0,0,0,0,0,0,0,0,0,0,0,0,0,0,0,0,0,0,0,0,0,Adenocarcinoma
0.03,SRR3991613,81,303,0,0,2587,0,0,173,24,0,0,0,0,0,0,0,0,0,0,0,0,0,0,29,0,0,0,0,0,0,0,0,0,0,0,0,0,0,0,0,0,0,0,0,0,0,0,0,0,0,0,0,0,0,0,0,0,0,0,0,0,0,0,0,0,0,0,0,0,0,0,0,0,0,0,0,0,0,0,0,0,0,Adenocarcinoma
0.03,SRR3991526,81,112,37,0,133,9,37,30,1070,0,2,21,0,0,0,0,0,0,0,10,0,15,0,0,0,0,0,0,0,0,11,0,0,0,0,0,0,0,0,0,0,0,0,0,0,0,0,0,4,0,0,0,0,0,0,44,0,0,0,0,0,0,0,0,0,0,0,0,0,0,0,0,0,0,0,0,0,0,0,0,0,0,Adenocarcinoma
0.03,SRR3991425,81,0,0,0,2,0,0,0,0,0,0,0,0,0,0,0,0,0,0,0,0,0,0,0,0,0,6,0,0,0,0,0,0,0,0,0,0,0,0,0,0,0,0,0,0,0,0,0,0,0,0,0,0,0,0,0,0,0,0,0,0,0,0,0,0,0,0,0,0,0,0,0,0,0,0,0,0,0,0,0,0,0,Squamous
0.03,SRR3991493,81,364,53,0,286,0,5,166,2583,0,0,28,98,0,0,10,0,0,94,0,0,0,0,76,0,0,0,0,0,5,15,0,0,0,0,0,62,0,0,0,0,0,0,0,0,0,6,0,13,0,0,0,0,0,0,0,72,0,0,0,0,0,0,0,0,0,0,0,0,0,0,0,0,0,0,0,0,0,0,0,0,0,Adenocarcinoma
0.03,SRR3991479,81,85,0,4,185,15,0,46,1067,0,0,10,0,0,0,0,0,0,0,0,0,0,16,2,0,0,0,0,0,0,0,0,0,0,0,0,0,0,0,0,0,0,0,0,0,0,0,0,0,0,0,0,0,0,0,0,0,0,0,0,0,0,0,0,0,0,0,0,0,0,0,0,0,0,0,0,0,0,0,0,0,0,Adenocarcinoma
0.03,SRR3991605,81,471,39,0,197,0,0,0,0,0,0,0,0,6,0,0,0,3,0,0,0,0,0,0,0,0,0,0,0,0,0,0,0,0,0,0,0,0,0,0,0,0,0,0,0,0,0,0,0,0,0,0,0,0,0,0,0,0,0,0,0,0,0,0,0,0,0,0,0,0,0,0,0,0,0,0,0,0,0,0,0,0,Adenocarcinoma
0.03,SRR3991508,81,198,28,0,70,0,0,0,0,0,6,0,0,0,23,0,0,0,0,0,0,0,50,0,0,0,0,102,0,0,74,0,0,26,0,0,0,0,0,0,0,0,0,0,0,0,0,0,0,0,0,0,0,0,0,0,0,0,0,0,0,0,0,0,0,0,0,0,0,0,0,0,0,0,0,0,0,0,0,0,0,0,Squamous
0.03,SRR3991465,81,551,110,16,833,255,78,497,3013,34,0,125,43,0,190,99,0,0,10,0,0,67,186,131,316,0,45,294,0,22,145,0,0,104,128,0,0,0,0,0,0,0,0,0,21,0,0,40,8,0,111,0,0,0,0,0,0,61,0,0,0,0,0,0,0,0,0,0,0,0,0,0,0,0,0,0,0,0,0,0,0,0,Adenocarcinoma
0.03,SRR3991481,81,193,0,0,211,6,0,26,699,0,0,0,0,40,93,0,0,0,0,0,0,0,0,0,0,0,0,0,0,0,0,0,0,0,0,0,0,0,0,0,0,0,0,0,0,0,0,0,0,0,0,0,0,0,0,0,0,0,0,0,0,0,0,0,0,0,0,0,0,0,0,0,0,0,0,0,0,0,0,0,0,0,Squamous
0.03,SRR3991608,81,283,107,0,221,0,0,0,0,0,0,0,0,0,0,0,0,0,0,0,0,0,0,10,0,0,0,0,0,0,0,0,0,0,0,0,0,0,0,0,0,0,0,0,0,0,0,0,0,0,0,0,0,0,0,0,0,0,0,0,0,0,0,0,0,0,0,0,0,0,0,0,0,0,0,0,0,0,0,0,0,0,Adenocarcinoma
0.03,SRR3991588,81,574,0,0,511,42,0,9,0,0,0,0,0,0,0,0,0,0,0,0,0,0,0,0,0,0,3,0,0,0,0,0,0,97,0,0,0,0,0,0,0,0,0,0,0,0,0,0,0,0,0,0,0,0,0,0,0,0,0,0,0,0,0,0,0,0,0,0,0,0,0,0,0,0,0,0,0,0,0,0,0,0,Adenocarcinoma
0.03,SRR3991524,81,405,122,0,233,18,0,306,1178,0,157,0,0,20,0,0,0,0,0,0,0,31,0,14,0,0,0,0,11,8,0,0,0,0,0,0,53,0,0,0,58,0,0,0,0,0,4,0,0,0,0,0,0,0,0,0,0,0,0,0,0,0,0,0,0,0,0,0,0,0,0,0,0,0,0,0,0,0,0,0,0,0,Adenocarcinoma
0.03,SRR3991491,81,167,0,0,47,6,0,284,0,0,0,0,0,12,9,0,0,0,232,0,0,0,0,0,32,0,0,0,0,0,0,0,0,0,34,0,0,0,0,0,0,13,0,0,0,0,0,0,26,0,0,0,0,0,0,0,0,0,0,0,0,0,0,0,0,0,0,0,0,0,0,0,0,0,0,0,0,0,0,0,0,0,Adenocarcinoma
0.03,SRR3991419,81,50,0,0,299,86,0,25,10,0,25,3690,0,0,0,0,0,0,0,0,0,0,34,12,101,7,0,0,0,0,0,0,0,20,14,0,0,0,0,0,0,0,0,0,0,0,0,0,0,0,0,0,0,0,0,0,0,0,0,0,0,0,0,0,0,0,0,0,0,0,0,0,0,0,0,0,0,0,0,0,0,0,Squamous
0.03,SRR3991368,81,492,118,0,1343,503,13,392,0,150,0,470,0,0,6,0,0,0,65,0,0,0,6,148,0,2,66,6,0,0,0,0,0,83,0,0,0,0,0,0,0,0,0,0,0,0,0,0,0,11,0,47,0,0,18,0,0,0,185,63,22,0,0,0,0,0,0,0,0,0,0,0,0,0,0,0,0,0,0,0,0,0,Adenocarcinoma
0.03,SRR3991427,81,0,0,0,0,0,0,0,0,0,0,0,0,0,0,0,0,0,0,0,0,0,0,0,0,0,2,0,0,0,0,0,0,0,0,0,0,0,0,0,0,0,0,0,0,0,0,0,0,0,0,0,0,0,0,0,0,0,0,0,0,0,0,0,0,0,0,0,0,0,0,0,0,0,0,0,0,0,0,0,0,0,Squamous
0.03,SRR3991352,81,490,36,0,152,238,0,112,0,0,51,2,0,11,11,24,0,0,0,0,0,0,0,6,17,0,0,0,0,0,0,0,0,18,22,0,0,0,0,0,0,0,0,0,0,0,0,0,0,0,0,0,0,0,0,0,0,0,0,0,0,0,0,0,0,0,0,0,0,0,0,0,0,0,0,0,0,0,0,0,0,0,Adenocarcinoma
0.03,SRR3991563,81,233,48,0,2,0,0,0,0,0,0,0,0,0,0,0,0,0,56,0,0,0,5,0,0,0,0,0,0,0,5,0,0,0,0,0,0,0,0,4,0,0,0,0,0,0,0,0,0,0,0,0,0,0,0,0,0,0,0,0,0,0,0,0,0,0,0,0,0,0,0,0,0,0,0,0,0,0,0,0,0,0,Squamous
0.03,SRR3991548,81,770,129,0,353,0,0,318,0,0,54,270,0,0,0,0,0,0,0,0,0,0,0,0,0,0,0,0,0,0,0,0,0,0,0,0,0,0,0,0,0,0,0,0,0,0,0,0,0,0,0,0,0,0,0,0,0,0,31,0,0,0,0,0,0,0,0,0,0,0,0,0,0,0,0,0,0,0,0,0,0,0,Adenocarcinoma
0.03,SRR3991583,81,226,316,0,12,15,0,0,0,0,0,0,0,0,0,0,0,0,0,0,0,0,0,40,0,0,0,0,0,0,0,0,0,0,0,0,0,0,0,0,0,0,0,0,0,0,0,0,0,0,0,0,0,0,0,0,0,0,0,0,0,0,0,0,0,0,0,0,0,0,0,0,0,0,0,0,0,0,0,0,0,0,Squamous
0.03,SRR3991429,81,0,0,0,9,2,0,0,0,0,0,0,0,0,0,0,0,0,0,0,0,0,0,0,0,0,0,0,0,0,0,0,0,2,0,0,0,0,0,0,0,0,0,0,0,0,0,0,2,0,0,0,0,0,0,0,0,0,0,0,0,0,0,0,0,0,0,0,0,0,0,0,0,0,0,0,0,0,0,0,0,0,Adenocarcinoma
0.03,SRR3991552,81,1104,75,0,144,7,0,288,0,0,52,208,0,0,0,0,60,0,220,0,103,0,39,0,40,0,0,0,0,17,22,0,0,1,0,31,0,0,0,0,0,0,0,0,0,0,0,0,0,0,0,0,0,0,0,0,0,0,0,0,0,0,0,0,0,0,0,0,0,0,0,0,0,0,0,0,0,0,0,0,0,0,Squamous
0.03,SRR3991387,81,93,0,0,1627,12,0,38,0,0,26,129,0,68,281,135,0,0,0,0,0,0,0,0,0,0,0,0,0,0,0,0,0,0,0,0,0,0,0,0,0,0,0,0,0,0,0,0,0,0,0,0,0,0,0,0,0,0,0,0,0,0,0,0,0,0,0,0,0,0,0,0,0,0,0,0,0,0,0,0,0,0,Adenocarcinoma
0.03,SRR3991376,81,480,7,0,505,56,0,137,0,0,10,91,0,51,0,0,23,0,6,0,0,0,40,3,0,0,0,0,0,55,0,0,12,1,0,0,0,0,0,0,0,0,0,0,0,0,0,0,0,0,0,0,0,0,0,0,0,0,0,0,0,0,0,0,0,0,0,0,0,0,0,0,0,0,0,0,0,0,0,0,0,0,Adenocarcinoma
0.03,SRR3991367,81,9,0,0,16772,0,0,52,0,0,0,1694,0,0,0,9,0,0,0,0,0,0,0,0,0,0,0,0,0,0,0,0,0,0,0,0,0,0,0,0,0,0,0,0,0,0,0,0,0,0,0,0,0,0,0,0,0,0,0,0,0,0,0,0,0,0,0,0,0,0,0,0,0,0,0,0,0,0,0,0,0,0,Squamous
0.03,SRR3991530,81,166,2,46,369,247,7,903,2225,25,22,0,14,32,15,0,0,1,4,0,0,152,0,58,9,34,0,0,57,20,0,0,0,0,0,0,0,0,0,0,0,0,0,0,0,0,0,6,0,0,0,0,0,0,0,0,0,0,0,0,0,0,0,0,0,0,0,0,0,0,0,0,0,0,0,0,0,0,0,0,0,0,Adenocarcinoma
0.03,SRR3991394,81,490,203,0,133,71,0,7,0,0,0,0,0,0,1,0,0,0,0,0,0,0,0,0,0,0,0,0,0,0,0,0,0,0,0,0,0,0,0,0,0,0,0,0,0,0,0,0,0,0,0,0,0,0,0,0,0,0,0,0,0,14,0,0,0,0,0,0,0,0,0,0,0,0,0,0,0,0,0,0,0,0,Adenocarcinoma
0.03,SRR3991335,81,1496,469,0,110,0,28,140,0,0,0,292,0,2,0,0,0,0,0,0,0,0,0,0,0,0,0,0,0,0,0,0,0,0,0,0,0,0,0,0,0,0,0,0,0,0,0,0,0,0,0,0,0,0,0,0,56,0,0,0,0,0,0,0,0,0,0,0,0,0,0,0,0,0,0,0,0,0,0,0,0,0,Adenocarcinoma
0.03,SRR3991593,81,109,18,25,75,0,0,32,0,0,0,73,0,26,0,0,0,0,0,0,0,0,0,0,0,0,0,0,0,0,0,0,0,161,0,0,0,0,0,0,0,0,0,0,0,0,0,0,0,0,0,0,0,0,0,0,0,0,0,0,0,0,0,0,0,0,0,0,0,0,0,0,0,0,0,0,0,0,0,0,0,0,Squamous
0.03,SRR3991351,81,1342,0,0,3457,3,46,760,0,0,0,61,0,0,144,0,0,0,22,0,0,0,59,0,0,0,0,14,0,0,0,0,0,98,0,0,0,0,0,0,0,0,0,0,0,0,0,0,0,0,0,0,0,0,0,0,0,0,0,0,0,0,0,0,0,0,0,0,0,0,0,0,0,0,0,0,0,0,0,0,0,0,Adenocarcinoma
0.03,SRR3991453,81,1713,0,0,93,0,0,0,0,0,0,0,0,204,24,0,0,0,0,0,0,0,0,0,0,0,0,0,0,0,0,0,0,0,0,0,0,0,0,0,0,0,0,0,0,0,0,0,0,0,0,0,0,0,0,0,0,0,0,0,0,0,0,0,0,0,0,0,0,0,0,0,0,0,0,0,0,0,0,0,0,0,Squamous
0.03,SRR3991334,81,932,134,0,160,248,0,278,0,0,19,46,0,0,0,0,0,0,0,0,0,0,0,0,0,0,0,0,0,0,0,0,0,171,0,0,0,0,0,0,0,0,0,0,0,0,0,0,6,0,0,0,0,0,0,0,0,0,0,0,0,0,0,0,0,0,0,0,0,0,0,0,0,0,0,0,0,0,0,0,0,0,Adenocarcinoma
0.03,SRR3991606,81,351,151,0,504,0,0,150,0,0,0,0,0,0,75,0,0,0,0,0,0,0,4,0,0,0,0,0,0,0,0,0,0,0,0,0,0,0,0,0,0,0,0,0,0,0,0,0,0,0,0,0,0,0,0,0,0,0,0,0,0,0,0,0,0,0,0,0,0,0,0,0,0,0,0,0,0,0,0,0,0,0,Adenocarcinoma
0.03,SRR3991386,81,489,154,0,285,110,0,0,0,0,0,0,0,0,1,0,0,0,118,0,0,0,121,78,0,0,0,0,0,0,0,0,0,0,0,0,0,0,0,0,0,0,0,0,164,0,0,0,0,0,0,0,0,0,0,0,0,0,0,0,0,0,0,0,0,0,0,0,0,0,0,0,0,0,0,0,0,0,0,0,0,0,Adenocarcinoma
0.03,SRR3991473,81,159,14,0,588,0,0,56,2521,0,1,63,0,0,17,0,0,0,0,0,0,11,33,16,0,0,0,56,66,23,0,0,5,0,23,0,0,0,0,0,0,0,0,0,0,0,0,0,0,0,0,0,0,0,0,0,0,0,0,0,0,0,43,0,0,0,0,0,0,0,0,0,0,0,0,0,0,0,0,0,0,0,Squamous
0.03,SRR3991603,81,329,0,0,0,0,0,70,0,0,0,0,0,4,0,0,0,0,0,0,0,0,0,15,0,0,0,0,0,0,0,0,0,0,0,0,0,0,0,0,0,0,0,0,0,0,0,0,0,0,0,0,0,0,0,0,0,0,0,0,0,0,0,0,0,0,0,0,0,0,0,0,0,0,0,0,0,0,0,0,0,0,Adenocarcinoma
0.03,SRR3991590,81,479,98,0,0,57,0,0,0,0,0,0,0,102,0,0,0,0,0,0,0,0,115,0,0,0,0,0,0,0,0,0,0,0,0,0,0,0,0,0,0,0,0,0,0,0,0,0,0,0,0,0,0,0,0,0,0,0,0,0,0,0,0,0,0,0,0,0,0,0,0,0,0,0,0,0,0,0,0,0,0,0,Squamous
0.03,SRR3991595,81,984,34,0,2365,39,41,76,0,0,0,23,0,30,27,274,0,0,11,0,0,0,0,0,0,0,0,0,0,0,0,0,0,141,0,0,0,0,0,0,0,0,0,0,0,0,0,0,0,0,0,0,0,0,0,0,0,0,0,0,0,0,0,0,0,0,0,0,0,0,0,0,0,0,0,0,0,0,0,0,0,0,Squamous
0.03,SRR3991591,81,56,0,0,23973,0,0,5,0,0,26,1120,0,0,0,13,0,0,0,0,0,0,0,0,0,0,0,0,0,0,0,0,0,0,0,0,0,0,0,0,0,0,0,0,0,0,0,0,0,0,0,0,0,0,0,0,0,0,0,0,0,0,0,0,0,0,0,0,0,0,0,0,0,0,0,0,0,0,0,0,0,0,Squamous
0.03,SRR3991370,81,418,61,0,157,0,0,0,0,0,0,17,0,0,0,34,0,0,0,0,0,13,0,29,0,0,0,0,0,0,0,0,0,0,0,0,0,0,0,0,0,0,0,0,0,0,0,0,0,0,0,0,0,0,0,0,0,0,0,0,0,0,0,0,0,0,0,0,0,0,0,0,0,0,0,0,0,0,0,0,0,0,Adenocarcinoma
0.03,SRR3991442,81,628,207,0,84,0,0,254,0,6,0,30,0,0,213,0,0,0,0,0,0,0,0,0,0,0,0,0,0,0,0,0,0,0,0,0,0,0,0,0,0,0,0,0,0,0,0,0,0,0,0,0,0,0,0,0,0,0,0,0,0,0,0,0,0,0,0,0,0,0,0,0,0,0,0,0,0,0,0,0,0,0,Squamous
0.03,SRR3991561,81,283,87,0,0,2,0,0,0,0,0,110,0,101,0,68,0,0,0,0,0,0,0,19,0,0,0,0,0,0,0,0,0,0,0,0,0,0,0,0,0,0,0,0,0,0,0,0,0,0,0,0,0,0,0,0,0,0,0,0,0,27,0,0,0,0,0,0,0,0,0,0,0,0,0,0,0,0,0,0,0,0,Squamous
0.03,SRR3991533,81,402,68,0,100,137,0,0,0,0,0,0,0,17,0,0,84,0,27,14,0,0,4,50,0,7,0,4,0,0,0,0,0,0,0,0,27,0,0,0,0,0,0,0,0,0,64,0,2,0,0,0,0,0,0,0,0,0,0,0,0,0,0,47,0,0,0,0,0,0,0,0,0,0,0,0,0,0,0,0,0,0,Adenocarcinoma
0.03,SRR3991577,81,106,58,0,26,95,0,99,0,0,0,124,0,0,6,0,0,0,0,0,0,0,0,0,0,0,0,0,0,10,0,0,0,0,0,0,0,0,0,0,0,0,0,0,0,0,0,0,0,0,0,0,0,0,0,0,0,0,0,0,0,0,0,0,0,0,0,0,0,0,0,0,0,0,0,0,0,0,0,0,0,0,Squamous
0.03,SRR3991547,81,950,22,0,832,71,0,343,0,41,11,55,0,0,108,0,0,0,0,0,22,0,0,23,43,32,0,2,0,0,0,0,0,0,0,6,0,0,0,0,0,0,0,0,0,0,0,0,0,0,0,0,0,0,0,0,0,0,0,0,0,0,0,0,32,0,0,0,0,0,0,0,0,0,0,0,0,0,0,0,0,0,Adenocarcinoma
0.03,SRR3991343,81,753,68,0,112,161,0,250,0,0,58,26,0,29,8,0,54,0,0,0,0,0,0,13,63,55,0,0,0,0,0,0,0,0,52,0,0,0,0,0,0,0,0,0,0,0,0,0,0,0,0,0,0,0,0,0,0,0,0,0,0,0,0,0,0,0,0,0,0,0,0,0,0,0,0,0,0,0,0,0,0,0,Squamous
0.03,SRR3991336,81,565,0,0,262,19,0,224,0,0,0,72,0,0,4,0,0,0,11,0,0,0,0,0,11,0,0,15,0,0,0,0,0,0,27,0,0,0,0,0,0,0,0,0,0,0,0,0,0,0,0,0,0,0,0,0,0,0,0,0,0,0,0,0,0,0,0,0,0,0,0,0,0,0,0,0,0,0,0,0,0,0,Adenocarcinoma
0.03,SRR3991488,81,413,7,0,156,0,0,216,636,0,0,3,0,12,0,5,0,0,80,0,0,0,22,16,0,0,56,0,0,0,0,0,0,0,0,0,23,0,0,0,7,0,0,0,0,0,0,0,0,0,0,0,0,0,0,0,0,0,0,0,0,0,0,0,0,0,0,0,0,0,0,0,0,0,0,0,0,0,0,0,0,0,Adenocarcinoma
0.03,SRR3991377,81,136,19,62,7213,295,0,6,0,0,0,1329,0,0,0,108,8,0,280,0,0,0,0,58,0,37,0,0,0,22,0,0,0,1579,0,0,0,0,0,0,0,0,0,0,0,0,0,0,0,0,0,0,0,0,0,0,0,0,0,0,0,0,0,0,0,2,0,0,0,0,0,0,0,0,0,0,0,0,0,0,0,0,Squamous
0.03,SRR3991544,81,1541,0,0,12573,3,0,29,0,0,2,178,0,0,0,20,0,0,0,0,0,0,0,0,0,0,0,0,0,0,0,0,0,963,0,0,0,0,0,0,0,0,0,0,0,0,0,0,0,0,0,0,0,0,0,0,0,0,0,0,0,0,0,0,0,0,0,0,0,0,0,0,0,0,0,0,0,0,0,0,0,0,Squamous
0.03,SRR3991433,81,0,0,0,0,0,0,0,0,0,0,2,0,0,0,0,0,0,0,0,0,0,0,0,0,2,0,0,0,0,0,0,0,0,0,0,0,0,0,0,0,0,0,0,0,0,0,0,0,0,0,0,0,0,0,0,0,0,0,0,0,0,0,0,0,0,0,0,0,0,0,0,0,0,0,0,0,0,0,0,0,0,Squamous
0.03,SRR3991342,81,437,266,0,76,28,0,182,0,0,18,41,0,13,0,0,0,0,148,0,0,0,0,0,0,0,0,0,0,0,0,0,0,0,82,0,0,5,0,0,0,0,0,0,0,0,0,0,0,0,0,0,0,0,0,0,0,0,0,0,0,0,0,0,0,0,0,0,0,0,0,0,0,0,0,0,0,0,0,0,0,0,Adenocarcinoma
0.03,SRR3991538,81,202,32,0,94,0,0,0,0,0,0,0,0,43,40,0,0,0,0,0,0,0,0,17,0,0,0,0,0,0,0,0,0,0,0,0,0,0,0,0,0,0,0,0,0,0,0,0,0,0,0,0,3,0,0,0,0,0,0,0,0,0,0,0,0,0,0,0,0,0,0,0,0,0,0,0,0,0,0,0,0,0,Squamous
0.03,SRR3991521,81,396,1037,14,542,70,2,81,2092,0,55,2,0,44,99,0,7,0,282,0,0,0,0,6,136,0,0,8,0,52,0,0,0,0,9,0,23,0,0,0,0,0,0,0,1,0,0,10,0,0,0,0,0,0,0,0,0,0,0,0,0,0,0,0,0,0,11,0,0,0,0,0,0,0,0,0,0,0,0,0,0,0,Adenocarcinoma
0.03,SRR3991415,81,735,89,0,1783,2,0,217,0,0,36,41,0,0,0,0,0,0,77,0,0,0,23,16,8,0,0,0,0,25,0,0,0,49,107,0,0,0,0,0,0,0,0,0,0,0,0,0,0,0,0,0,0,0,0,0,0,0,0,0,0,0,0,0,0,0,0,0,0,0,0,0,0,0,0,0,0,0,0,0,0,0,Squamous
0.03,SRR3991413,81,0,0,0,0,0,0,0,0,0,0,0,0,0,2,0,0,0,0,0,0,0,0,0,0,0,0,0,0,0,0,0,0,0,0,0,0,0,0,0,0,0,0,0,0,0,0,0,0,0,0,0,0,0,0,0,0,0,0,0,0,0,0,0,0,0,0,0,0,0,0,0,0,0,0,0,0,0,0,0,0,0,Squamous
0.03,SRR3991498,81,174,21,0,45,0,0,0,1634,0,13,31,0,23,0,88,0,0,0,0,0,0,0,4,0,0,40,0,0,80,0,0,0,0,29,0,41,0,0,0,0,0,0,0,0,0,0,0,0,0,0,0,0,0,0,0,0,0,0,0,0,0,0,0,0,0,0,0,0,0,0,0,0,0,0,0,0,0,0,0,0,0,Adenocarcinoma
0.03,SRR3991555,81,1220,108,0,139,23,0,497,0,0,16,261,0,15,0,6,0,0,0,0,0,0,57,0,0,0,0,0,0,0,0,0,0,2,0,0,0,0,0,0,0,0,0,0,0,2,0,0,0,0,0,0,0,0,0,0,0,0,0,0,0,0,0,0,0,0,0,0,0,0,0,0,0,0,0,0,0,0,0,0,0,0,Adenocarcinoma
0.03,SRR3991612,81,382,28,0,382,0,0,34,0,0,0,33,0,0,0,0,0,0,0,0,0,0,0,0,0,0,0,0,0,0,0,0,0,43,0,0,0,0,0,0,0,0,0,0,0,0,0,0,0,0,0,0,0,0,0,0,0,0,0,0,0,0,0,0,0,0,0,0,0,0,0,0,0,0,0,0,0,0,0,0,0,0,Squamous
0.03,SRR3991468,81,308,0,0,812,90,0,15,1691,0,0,118,0,0,73,0,0,0,0,0,0,13,75,52,0,8,0,0,0,0,2,0,0,23,0,0,0,0,0,0,0,0,0,0,0,0,0,0,37,0,93,0,0,0,0,0,0,0,0,0,0,0,0,0,0,0,0,0,0,0,0,0,0,0,0,0,0,0,0,0,0,0,Adenocarcinoma
0.03,SRR3991446,81,745,87,0,35,28,0,0,0,0,0,566,0,10,0,0,0,0,0,0,0,0,0,0,0,0,0,0,0,0,0,0,0,0,0,0,0,0,0,0,0,0,0,0,0,0,0,0,0,0,0,0,0,0,0,0,0,0,0,0,0,0,0,0,0,0,0,0,0,0,0,0,0,0,0,0,0,0,0,0,0,0,Squamous
0.03,SRR3991438,81,457,62,0,1105,66,0,166,0,0,8,0,0,57,19,12,0,0,103,0,0,0,0,54,0,0,0,0,0,0,0,0,0,136,0,0,0,0,0,0,0,0,0,0,0,0,0,0,0,0,0,0,0,0,0,0,13,0,0,0,0,0,0,0,0,0,0,0,0,0,0,0,0,0,0,0,0,0,0,0,0,0,Squamous
0.03,SRR3991436,81,4,5,0,0,0,0,5,0,0,0,9,0,0,0,0,0,0,0,0,0,0,0,0,0,0,0,0,0,0,0,0,0,0,0,0,0,0,0,0,0,0,0,0,0,0,0,0,0,0,0,0,0,0,0,0,0,0,0,0,0,0,0,0,0,0,0,0,0,0,0,0,0,0,0,0,0,0,0,0,0,0,Squamous
0.03,SRR3991485,81,67,0,0,126,0,0,12,1252,0,21,2,20,0,0,0,53,0,0,0,0,0,38,38,0,0,0,0,0,7,0,0,0,0,0,0,0,0,0,0,0,0,0,0,0,0,4,0,0,0,0,0,0,0,0,0,0,0,0,0,0,0,0,0,0,0,0,10,0,0,0,0,0,0,0,0,0,0,0,0,0,0,Adenocarcinoma
0.03,SRR3991487,81,250,0,0,32,0,0,74,478,0,0,0,0,0,37,0,0,0,0,0,0,0,0,9,0,0,0,0,0,0,0,0,0,0,0,0,0,0,0,0,0,0,0,0,0,0,0,0,6,0,0,0,0,0,0,0,0,0,0,0,0,0,0,0,0,0,0,0,0,0,0,0,0,0,0,0,0,0,0,0,0,0,Adenocarcinoma
0.03,SRR3991546,81,566,5,53,111,0,0,177,0,0,135,93,0,57,103,0,0,0,50,0,66,57,16,0,0,0,0,0,0,0,0,0,0,0,0,0,0,0,0,0,0,0,0,0,0,0,0,0,0,0,0,0,0,0,0,0,0,0,0,0,0,0,0,0,0,0,0,0,0,0,0,0,0,0,0,0,0,0,0,0,0,0,Squamous
0.03,SRR3991541,81,310,2,0,47,0,0,81,0,0,6,18,0,0,25,0,0,0,0,0,4,0,0,0,0,9,0,0,0,0,0,0,0,4,0,0,0,0,0,0,0,0,0,0,0,0,0,0,0,0,0,0,0,0,0,0,0,0,0,0,0,0,0,0,0,0,0,0,0,0,0,0,0,0,0,0,0,0,0,0,0,0,Adenocarcinoma
0.03,SRR3991579,81,254,0,0,50,0,0,0,0,0,0,0,0,0,0,0,0,0,0,0,0,0,0,0,17,0,0,0,0,0,0,0,0,0,0,0,0,0,0,0,0,0,0,0,0,0,0,0,0,0,0,0,0,0,0,0,0,0,0,0,0,0,0,0,0,0,0,0,0,0,0,0,0,0,0,0,0,0,0,0,0,0,Squamous
0.03,SRR3991586,81,151,44,0,32,6,0,21,0,0,16,0,0,0,21,0,0,0,22,0,0,0,0,0,0,0,4,0,0,0,0,0,0,0,0,0,0,0,0,0,0,0,0,0,0,0,0,0,0,0,0,0,0,0,0,0,0,0,0,0,0,0,0,0,0,0,0,0,0,0,0,0,0,0,0,0,0,0,0,0,0,0,Squamous
0.03,SRR3991402,81,256,58,0,94,0,0,0,0,0,37,7,0,10,0,51,0,0,1534,0,0,0,0,0,685,0,0,0,0,6,0,0,0,38,241,0,0,0,0,22,0,0,0,153,0,0,0,0,0,0,0,0,0,0,0,0,0,0,0,0,0,0,0,0,0,0,0,0,127,103,0,0,0,0,0,0,0,0,0,0,0,0,Squamous
0.03,SRR3991560,81,289,0,0,97,0,0,0,0,0,0,0,0,0,0,0,0,0,0,0,0,0,0,0,0,0,0,0,0,0,0,0,0,1,0,0,0,0,0,0,0,0,0,0,0,0,0,0,0,0,0,0,0,0,0,0,0,0,0,0,0,0,0,0,0,0,0,0,0,0,0,0,0,0,0,0,0,0,0,0,0,0,Adenocarcinoma
0.03,SRR3991532,81,179,4,0,63,66,0,0,0,0,0,8,0,0,0,0,0,0,76,0,0,0,0,0,0,0,0,0,0,57,0,0,0,0,0,0,0,0,0,0,0,0,0,0,0,0,0,0,0,0,0,0,0,0,0,0,0,0,0,0,0,0,0,0,0,0,0,0,0,0,0,0,0,0,0,0,0,0,0,0,0,0,Adenocarcinoma
0.03,SRR3991596,81,131,13,0,4689,70,0,76,0,0,0,0,0,0,289,242,0,0,0,0,0,0,0,0,0,0,4,0,0,0,0,0,0,0,0,0,0,0,0,0,0,0,0,0,0,0,0,0,5,0,0,0,0,0,0,0,0,0,0,0,0,0,0,0,0,0,0,0,0,0,0,0,0,0,0,0,0,0,0,0,0,0,Adenocarcinoma
0.03,SRR3991366,81,283,94,0,208,2,0,56,0,32,0,0,0,0,85,0,0,0,5,0,0,34,2,0,6,0,0,18,0,0,0,0,0,1,0,0,0,0,0,0,0,0,0,0,0,0,0,0,0,0,0,0,0,0,0,0,0,0,0,0,0,0,0,0,0,0,0,0,0,0,0,0,0,0,0,0,0,0,0,0,0,0,Squamous
0.03,SRR3991338,81,8530,57,0,1071,0,0,47,0,0,0,625,0,24,0,266,0,0,0,0,0,0,0,7,0,0,0,0,0,0,0,0,0,3231,0,0,0,0,0,0,0,0,0,0,0,0,0,0,0,0,0,0,0,0,0,0,0,0,0,0,0,0,0,0,0,0,0,0,0,0,0,0,0,0,0,0,0,0,0,0,0,0,Squamous
0.03,SRR3991562,81,126,18,0,75,0,0,0,0,0,0,53,0,34,33,0,0,0,0,0,0,0,0,0,0,0,0,0,0,0,0,0,0,0,0,0,0,0,0,0,0,0,0,0,0,0,0,0,0,0,0,0,0,0,0,0,0,0,0,0,0,0,0,0,0,0,0,0,0,0,0,0,0,0,0,0,0,0,0,0,0,0,Squamous
0.03,SRR3991428,81,42,0,0,25,4,0,44,0,0,0,2,0,0,0,0,0,0,0,0,0,0,0,0,0,0,0,0,0,0,0,0,0,0,0,0,0,0,0,0,0,0,0,0,0,0,0,0,0,0,0,0,0,0,0,0,0,0,0,0,0,0,0,0,0,0,0,0,0,0,0,0,0,0,0,0,0,0,0,0,0,0,Adenocarcinoma
0.03,SRR3991383,81,406,38,0,735,0,0,57,0,0,0,24,0,0,42,0,0,0,0,0,0,0,0,0,0,23,0,0,0,0,0,0,0,0,0,0,0,0,0,0,0,0,0,0,0,0,0,0,0,0,0,0,0,0,0,0,0,0,0,0,0,0,0,0,0,0,0,0,0,0,0,0,0,0,0,0,0,0,0,0,0,0,Adenocarcinoma
0.03,SRR3991361,81,415,51,0,623,0,0,145,0,0,0,5,0,32,0,0,0,0,0,0,0,0,0,0,0,0,0,10,0,0,0,0,0,76,0,0,0,0,0,0,0,0,0,0,0,0,0,0,0,0,0,0,0,0,0,0,0,0,0,0,0,0,0,0,0,0,0,0,0,0,39,0,0,0,0,0,0,0,0,0,0,0,Adenocarcinoma
0.03,SRR3991408,81,618,3,0,243,294,0,566,0,0,54,103,0,0,25,0,70,0,25,0,0,0,0,102,0,31,4,0,0,0,0,0,0,1,0,0,0,0,0,0,0,0,0,0,0,0,0,0,0,0,0,0,0,0,0,0,0,0,0,0,0,0,0,0,0,0,0,0,0,0,0,0,0,0,0,0,0,0,0,0,0,0,Adenocarcinoma
0.03,SRR3991620,81,223,75,0,35,0,0,0,0,0,0,0,0,0,0,58,0,0,21,0,0,0,0,0,0,0,0,0,0,0,0,0,0,0,0,0,0,0,0,0,0,0,0,0,0,0,0,0,0,0,0,0,0,0,0,0,0,0,0,0,0,0,0,0,0,0,0,0,0,0,0,0,0,0,0,0,0,0,0,0,0,0,Squamous
0.03,SRR3991378,81,3152,26,0,1030,76,0,486,0,0,0,187,0,0,0,63,0,0,0,0,0,0,27,12,0,31,0,0,0,0,0,0,13,0,0,0,0,0,0,0,0,0,0,0,0,0,0,0,0,0,0,0,0,0,0,0,0,0,0,0,0,0,0,0,0,0,0,0,0,0,0,0,0,0,0,0,0,0,0,0,0,0,Adenocarcinoma
0.03,SRR3991466,81,692,89,0,669,2790,44,452,1619,0,0,347,99,0,0,46,277,67,0,0,0,0,0,330,0,115,0,0,0,0,33,0,93,60,43,0,0,0,0,0,0,0,0,0,0,0,0,0,25,0,45,0,0,0,0,0,0,0,0,0,0,0,0,0,0,0,0,0,0,0,0,11,0,0,0,0,0,0,0,0,0,0,Adenocarcinoma
0.03,SRR3991565,81,249,0,0,7,0,0,0,0,0,0,0,0,0,0,0,0,0,52,0,0,0,0,0,0,0,0,0,0,0,0,0,0,0,0,0,0,0,0,0,0,0,0,0,0,0,0,0,0,0,0,0,0,0,0,0,0,0,0,0,0,0,0,0,0,0,0,0,0,0,0,0,0,0,0,0,0,0,0,0,0,0,Squamous
0.03,SRR3991602,81,172,136,0,174,30,0,0,0,0,0,0,0,0,0,0,0,0,0,0,0,0,0,0,0,0,0,0,0,0,0,0,0,0,0,0,0,0,0,0,0,0,0,0,0,0,0,0,0,0,0,0,0,0,0,0,0,0,0,0,0,0,0,0,0,0,0,0,0,0,0,0,0,0,0,0,0,0,0,0,0,0,Squamous
0.03,SRR3991480,81,340,14,0,413,248,0,191,3500,0,10,6,0,0,0,86,0,0,39,0,0,71,31,19,0,84,0,0,0,15,4,0,2,1,0,0,0,0,0,0,0,0,0,0,0,0,0,0,16,0,0,0,0,0,0,0,0,0,0,0,0,0,0,0,0,0,0,0,0,0,19,0,0,0,0,0,0,0,0,0,0,0,Adenocarcinoma
0.03,SRR3991490,81,301,16,0,115,0,0,208,4,0,0,42,0,25,9,28,0,0,30,0,0,0,0,0,0,0,0,0,0,0,0,0,0,0,0,0,0,0,0,0,0,0,0,0,0,0,0,0,11,0,0,0,0,0,0,0,0,0,0,0,0,0,0,0,0,0,0,0,0,0,0,0,0,0,0,0,0,0,0,0,0,0,Squamous
0.03,SRR3991374,81,449,128,0,1714,101,0,109,0,0,241,39,0,0,0,62,0,0,0,0,0,0,0,0,0,0,0,0,0,0,0,0,0,0,0,0,0,0,0,0,0,0,0,0,0,0,0,0,7,0,0,0,0,0,0,0,0,0,0,0,0,0,0,0,0,0,0,0,0,0,0,0,0,0,0,0,0,0,0,0,0,0,Adenocarcinoma
0.03,SRR3991558,81,1362,141,0,68,7,0,438,0,0,217,303,0,0,0,0,0,0,0,0,17,0,0,16,0,0,0,0,0,0,0,0,0,1,0,0,0,0,0,0,0,0,0,0,0,0,0,0,0,0,0,0,0,0,0,0,0,0,0,0,0,0,0,0,0,0,0,0,0,0,0,0,0,0,0,0,0,0,0,0,0,0,Adenocarcinoma
0.03,SRR3991354,81,503,255,14,237,367,0,301,0,0,47,0,0,0,40,0,0,0,0,0,0,0,0,8,0,13,0,0,0,0,0,0,0,0,0,0,0,0,0,0,0,0,0,0,0,0,0,0,0,0,0,0,0,0,0,0,0,0,0,0,0,0,0,0,0,0,0,0,0,0,0,0,0,0,0,0,0,0,0,0,0,0,Squamous
0.03,SRR3991520,81,107,2,0,4,21,0,16,0,0,38,41,0,0,41,39,41,0,0,0,0,0,0,4,0,0,0,0,0,0,30,0,0,0,0,0,0,0,0,0,0,0,0,0,0,0,0,0,0,0,28,0,0,0,0,0,0,0,0,0,0,0,0,0,0,0,0,0,0,0,0,0,0,0,0,0,0,0,0,0,0,0,Adenocarcinoma
0.03,SRR3991392,81,647,63,0,72,141,21,14,0,0,0,33,0,0,11,0,0,0,0,0,0,0,0,0,0,0,0,0,0,0,0,0,0,0,0,0,0,0,0,0,0,0,0,0,0,0,0,0,0,0,0,0,0,0,0,0,0,0,0,0,0,0,0,0,0,0,0,0,0,0,0,0,0,0,0,0,0,0,0,0,0,0,Adenocarcinoma
0.03,SRR3991528,81,263,79,0,310,34,31,69,2536,72,34,14,38,0,0,77,0,0,57,0,0,5,0,9,0,0,0,5,11,32,0,0,0,12,0,0,4,0,0,0,0,0,0,0,0,0,0,0,0,0,7,0,0,0,0,0,0,0,0,0,0,0,0,0,0,0,0,0,0,0,17,0,0,0,0,0,0,0,0,0,0,0,Squamous
0.03,SRR3991454,81,1772,38,30,13,32,0,288,0,0,0,604,0,0,5,0,87,0,0,0,0,0,0,24,0,0,0,0,0,0,0,0,0,0,0,0,0,0,0,0,0,0,0,0,0,0,0,0,0,0,0,0,0,0,0,0,0,0,0,0,0,0,0,0,0,0,0,0,0,0,0,0,0,0,0,0,0,0,0,0,0,0,Squamous
0.03,SRR3991556,81,1293,15,0,330,0,0,241,0,0,0,198,0,0,0,0,0,0,0,0,0,0,0,0,0,0,0,0,0,0,0,0,0,0,0,0,0,0,0,0,0,0,0,0,0,0,0,0,0,0,0,0,0,0,0,0,0,0,15,0,0,0,0,0,0,0,0,0,0,0,0,0,0,0,0,0,0,0,0,0,0,0,Squamous
0.03,SRR3991500,81,549,2,8,375,26,0,22,2144,0,32,33,0,17,0,0,0,0,0,0,0,0,0,0,0,0,0,0,0,57,0,0,0,0,0,0,0,0,0,0,0,0,0,0,0,0,0,0,0,0,0,0,0,0,0,0,0,0,0,0,0,0,0,0,0,0,0,0,0,0,0,0,0,0,0,0,0,0,0,0,0,0,Adenocarcinoma
0.03,SRR3991460,81,2625,150,0,295,0,0,0,0,0,0,0,0,0,0,0,0,0,0,0,0,0,0,0,0,0,0,0,0,0,104,0,0,0,0,0,0,0,0,0,0,0,0,0,0,0,0,0,0,0,0,0,0,0,0,0,0,0,0,0,0,0,0,0,0,0,0,0,0,0,0,0,56,0,0,0,0,0,0,0,0,0,Adenocarcinoma
0.03,SRR3991393,81,109,0,0,137,4,10,29,0,0,0,18,0,0,13,0,0,0,54,0,0,0,0,0,30,0,0,0,0,0,0,0,0,0,0,0,0,0,0,0,0,0,0,0,0,0,0,0,0,0,0,0,0,0,0,0,0,0,0,0,0,0,0,0,0,0,0,0,0,0,0,0,0,0,0,0,0,0,0,0,0,0,Adenocarcinoma
0.03,SRR3991523,81,196,20,0,420,4,0,142,671,11,0,234,70,0,25,0,0,0,41,0,0,0,0,24,0,0,0,31,0,0,0,0,0,177,0,0,0,0,0,0,0,0,0,0,0,0,0,0,0,0,0,0,0,0,0,0,0,0,0,0,0,0,0,0,0,0,0,0,0,0,0,0,0,0,0,0,0,0,0,0,0,0,Adenocarcinoma
0.03,SRR3991611,81,36,0,0,37,0,0,19,0,0,0,0,0,0,0,0,9,0,3,0,0,0,0,0,0,0,0,0,0,0,0,0,0,0,0,0,0,0,0,0,11,0,0,0,0,0,0,0,0,0,0,0,0,0,0,0,0,0,0,0,0,0,0,0,0,0,0,0,0,0,0,0,0,0,0,0,0,0,0,0,0,0,Squamous
0.03,SRR3991417,81,539,166,0,604,8,5,262,0,0,0,73,0,0,0,0,0,0,0,0,0,0,0,63,86,0,0,0,0,179,0,0,0,0,0,0,0,0,0,0,0,0,0,0,0,0,0,0,0,0,0,0,0,0,0,0,0,0,0,0,0,0,0,0,0,0,0,0,0,0,0,0,0,0,0,0,0,0,0,0,0,0,Squamous
0.03,SRR3991390,81,313,75,19,40,350,3,133,0,18,0,30,0,0,0,0,80,0,306,0,0,0,0,0,267,0,0,0,0,0,0,0,0,0,117,0,0,0,0,0,0,0,0,0,20,0,0,0,0,0,0,0,0,0,0,0,0,0,0,0,0,0,0,0,0,0,0,0,0,0,0,0,0,0,0,0,0,0,0,0,0,0,Squamous
0.03,SRR3991365,81,820,1,0,94,0,0,6,0,0,0,151,0,0,0,2,0,0,0,0,0,0,59,407,0,0,0,0,0,0,0,0,0,0,0,0,0,0,0,0,0,0,0,0,0,0,0,0,0,0,0,0,0,0,0,0,0,0,0,0,0,0,0,0,0,0,0,0,0,0,0,0,0,0,0,0,0,0,0,0,0,0,Adenocarcinoma
0.03,SRR3991497,81,87,0,0,327,0,0,95,904,0,0,0,0,0,23,123,0,0,0,0,0,0,0,2,0,0,0,0,0,5,0,0,0,85,0,0,0,0,0,0,0,0,0,0,0,0,0,0,0,0,0,0,0,0,0,0,0,0,0,0,0,0,0,0,0,0,0,0,0,0,0,0,0,0,0,0,0,0,0,0,0,0,Adenocarcinoma
0.03,SRR3991464,81,506,22,0,0,0,0,138,0,0,0,37,0,0,0,0,0,0,0,0,0,0,0,0,0,13,0,0,0,16,0,0,0,0,0,0,0,0,0,0,0,0,0,0,0,0,0,0,4,0,0,0,0,0,0,0,0,0,0,0,0,0,0,0,0,0,0,0,0,0,0,0,0,0,0,0,0,0,0,0,0,0,Adenocarcinoma
0.03,SRR3991437,81,1345,154,0,355,136,0,689,0,0,11,0,0,0,0,0,0,0,0,0,0,0,337,98,0,0,7,0,8,0,0,0,0,0,0,0,0,0,0,0,0,0,0,0,0,0,0,0,0,0,0,0,0,0,0,190,0,0,0,0,0,0,0,0,0,0,0,0,0,0,0,0,0,0,0,0,0,0,0,0,0,0,Squamous
0.03,SRR3991527,81,23,0,0,0,3,0,0,4,0,0,0,0,0,0,0,0,0,2,0,0,0,0,0,0,0,0,0,0,0,0,0,0,0,0,0,0,0,0,0,0,0,0,0,0,0,0,0,0,0,0,0,0,0,0,0,0,0,0,0,0,0,0,0,0,0,0,0,0,0,0,0,0,0,0,0,0,0,0,0,0,0,Adenocarcinoma
0.03,SRR3991407,81,1102,119,0,658,99,0,302,0,0,6,16,0,0,72,318,0,0,0,0,0,0,0,24,0,0,10,5,0,0,0,0,0,12,0,0,0,25,0,0,0,0,0,0,0,0,0,0,24,0,0,0,0,0,0,0,0,0,0,0,0,0,0,0,0,0,0,0,0,0,0,0,0,0,0,0,0,0,0,0,0,0,Adenocarcinoma
0.03,SRR3991504,81,563,137,0,249,68,24,322,0,14,53,72,0,24,0,16,0,0,0,0,0,0,0,2,0,0,15,5,1,92,2,0,25,11,0,0,0,0,0,0,0,0,0,0,0,0,0,8,0,0,54,0,0,0,0,0,0,0,0,0,0,0,0,0,0,0,0,0,0,0,0,0,0,0,0,0,0,0,0,0,0,0,Squamous
0.03,SRR3991412,81,555,51,0,382,11,0,161,0,0,15,65,0,0,0,8,0,0,0,12,0,0,46,0,0,0,0,0,0,0,0,0,0,0,0,0,17,0,0,0,0,0,0,0,0,0,0,0,0,0,0,0,0,0,0,0,0,0,0,0,0,0,0,0,0,0,0,0,0,0,0,0,0,0,0,0,0,0,0,0,0,0,Adenocarcinoma
0.03,SRR3991474,81,40,0,0,103,0,0,0,694,0,58,70,0,2,0,0,0,0,0,0,0,14,0,0,0,0,0,0,0,30,0,0,0,0,50,0,17,0,0,13,0,0,0,0,0,0,0,2,0,0,0,0,0,0,0,0,0,19,0,0,0,0,0,0,0,0,0,0,0,0,0,0,0,0,0,0,0,0,0,0,0,0,Squamous
0.03,SRR3991360,81,272,94,0,758,0,0,0,0,0,211,0,0,0,0,0,0,0,0,0,0,0,11,0,0,0,0,0,0,0,0,0,0,0,0,0,0,0,0,0,0,0,0,0,0,0,0,0,0,0,0,0,0,0,0,0,0,0,0,0,0,0,0,0,0,0,0,0,0,0,0,0,0,0,0,0,0,0,0,0,0,0,Squamous
0.03,SRR3991457,81,1125,0,0,168,0,0,0,0,0,0,0,0,0,0,0,0,0,0,0,0,0,0,33,0,0,0,0,0,0,0,0,0,41,0,0,0,0,0,0,0,0,0,0,0,0,0,0,0,0,0,0,0,0,0,0,0,0,0,0,0,0,0,0,0,0,0,0,0,0,0,0,0,152,0,0,0,0,0,0,0,0,Adenocarcinoma
0.03,SRR3991522,81,149,25,0,158,2,35,58,1026,0,0,6,0,0,98,0,0,0,0,0,0,0,0,38,0,0,0,34,0,0,0,0,0,0,8,0,0,0,0,0,0,0,0,0,0,0,0,0,0,0,0,0,0,0,0,0,0,0,0,0,0,0,0,0,0,0,0,0,0,0,0,0,0,0,0,0,0,0,0,0,0,0,Squamous
0.03,SRR3991615,81,504,0,0,335,0,0,160,0,0,66,21,0,15,0,0,0,0,0,0,0,0,22,0,0,0,0,0,0,0,0,0,0,0,0,0,0,0,0,0,8,0,0,0,0,0,0,0,0,0,0,0,0,0,0,0,0,0,0,0,0,0,0,0,0,0,0,0,0,0,0,0,0,0,35,0,0,0,0,0,0,0,Squamous
0.03,SRR3991574,81,312,42,0,80,0,0,5,0,0,0,0,0,0,0,0,2,0,134,0,0,0,0,0,47,0,0,0,0,0,0,0,0,0,0,0,0,0,0,0,0,0,0,0,0,0,0,0,0,0,0,0,0,0,0,0,0,0,0,0,0,0,0,0,0,0,0,0,0,0,0,0,0,0,0,0,0,0,0,0,0,0,Squamous
0.03,SRR3991598,81,474,1,0,134,0,0,48,0,0,85,215,0,0,6,22,0,0,2,0,0,0,0,24,42,0,0,2,0,0,0,0,0,0,0,0,0,0,0,0,0,0,0,0,0,0,0,0,0,0,0,0,0,0,0,0,0,0,0,0,0,0,0,0,0,0,0,0,0,0,0,0,0,33,0,0,0,0,0,0,0,0,Adenocarcinoma
0.03,SRR3991578,81,166,29,0,77,0,0,0,0,0,0,0,0,0,35,62,0,0,0,0,0,29,0,0,0,0,0,0,0,0,0,0,0,0,0,0,0,0,0,0,0,0,0,0,0,0,0,0,3,0,0,0,0,0,0,0,0,0,0,0,0,0,0,0,0,0,0,0,0,0,0,0,0,0,0,0,0,0,0,0,0,0,Squamous
0.03,SRR3991337,81,126,0,0,21,4,0,6,0,0,0,3,0,2,10,0,11,0,0,0,0,0,13,0,0,220,0,0,0,0,0,0,0,17,0,0,0,0,0,0,0,0,0,0,0,0,0,0,0,0,0,0,0,0,0,0,0,0,0,0,0,0,0,0,0,0,0,0,0,0,0,0,0,0,0,0,0,0,0,0,0,0,Squamous
0.03,SRR3991575,81,355,109,0,354,170,0,12,0,0,0,0,0,57,0,0,0,0,0,0,0,0,0,0,0,0,0,0,0,0,0,0,0,0,0,0,0,0,0,0,0,0,0,0,0,0,0,0,0,0,0,0,0,0,0,0,0,0,0,0,0,0,0,0,0,0,0,0,0,0,0,0,0,0,0,0,0,0,0,0,0,0,Squamous
0.03,SRR3991539,81,186,11,0,28,32,0,0,0,0,0,27,0,44,0,0,0,0,0,0,0,0,0,0,0,0,2,0,0,0,29,0,0,0,0,0,0,0,0,0,0,0,0,0,0,0,0,0,2,0,0,0,0,0,0,0,0,0,0,0,0,0,0,0,0,0,0,0,0,0,0,0,0,0,0,0,0,0,0,0,0,0,Adenocarcinoma
0.03,SRR3991389,81,668,0,0,931,2,0,119,0,0,0,31,0,0,59,24,0,0,0,0,3,0,0,32,0,0,0,0,0,17,0,0,0,0,22,0,0,0,0,0,0,0,0,0,0,7,0,0,0,0,0,0,0,0,0,0,0,0,0,0,0,0,0,0,0,0,0,0,0,0,0,0,0,0,0,0,0,0,0,0,0,0,Squamous
0.03,SRR3991567,81,530,0,0,167,0,0,0,0,0,0,0,0,0,0,0,0,0,0,0,0,0,0,0,0,0,0,0,0,0,0,0,0,0,0,0,0,0,0,0,0,0,0,0,0,0,0,0,0,0,0,0,0,0,0,0,0,0,0,0,0,0,0,0,0,0,0,0,0,0,0,0,0,0,0,0,0,0,0,0,0,0,Squamous
0.03,SRR3991471,81,133,142,0,558,0,0,0,2674,0,0,0,0,70,0,10,0,2,0,0,0,0,59,0,0,0,0,0,0,0,0,0,0,0,0,0,0,0,0,0,0,0,0,0,17,0,0,0,0,0,0,0,0,0,0,0,0,0,0,0,0,0,0,0,0,0,0,0,0,0,0,0,0,0,0,48,0,0,0,0,0,0,Adenocarcinoma
0.03,SRR3991344,81,1541,152,0,335,0,0,769,0,0,27,0,0,0,0,0,0,0,0,0,2,0,0,0,0,0,0,0,0,0,0,0,0,43,0,0,0,0,0,0,0,0,0,0,0,0,0,0,0,0,0,0,0,0,0,0,0,0,171,0,0,0,0,0,0,0,0,0,0,0,0,0,0,0,0,0,0,0,0,0,0,0,Adenocarcinoma
0.03,SRR3991512,81,398,0,0,0,0,8,55,0,0,58,18,0,2,6,29,0,0,336,0,0,0,0,23,22,0,0,0,18,0,33,0,0,4,12,0,0,0,0,0,0,0,0,0,0,0,0,0,6,0,0,0,0,0,0,0,0,0,0,0,0,0,0,0,0,0,0,0,0,0,0,0,0,0,0,0,0,0,0,0,0,0,Adenocarcinoma
0.03,SRR3991421,81,0,2,0,0,0,0,0,0,0,0,0,0,0,0,0,0,0,0,0,0,0,0,0,0,0,2,0,0,0,0,0,0,0,0,0,0,0,0,0,0,0,0,0,0,0,0,0,0,0,0,0,0,0,0,0,0,0,0,0,0,0,0,0,0,0,0,0,0,0,0,0,0,0,0,0,0,0,0,0,0,0,Adenocarcinoma
0.03,SRR3991380,81,650,281,0,265,14,0,189,0,0,0,0,0,0,1,0,0,0,0,0,0,0,0,0,0,0,0,0,0,0,0,0,0,0,0,0,0,0,0,0,0,0,0,0,0,0,0,0,0,0,0,0,0,0,0,0,0,0,0,0,0,0,0,0,0,0,0,0,0,0,0,0,0,0,0,0,0,0,0,0,0,0,Squamous
0.03,SRR3991450,81,752,190,0,0,356,0,0,0,0,0,0,0,0,0,0,0,0,0,0,0,0,0,0,0,0,0,0,0,0,0,0,0,0,0,0,0,0,0,0,0,0,0,0,0,0,0,0,0,0,0,0,0,0,0,0,0,0,0,0,0,0,0,0,0,0,0,0,0,0,0,0,0,0,0,0,0,0,0,0,0,0,Adenocarcinoma
0.03,SRR3991537,81,123,57,0,200,5,0,0,0,0,0,0,0,0,141,14,0,0,0,0,0,0,0,0,0,0,0,0,0,0,0,0,0,0,0,0,0,0,0,0,0,0,0,0,0,0,0,0,0,0,0,0,0,0,0,0,0,0,0,0,0,0,0,0,0,0,0,0,0,0,0,0,0,0,0,0,0,0,0,0,0,0,Squamous
0.03,SRR3991448,81,617,0,0,273,0,0,289,0,0,18,105,0,0,48,0,0,0,0,0,0,0,0,0,0,0,0,0,0,0,0,0,0,0,0,0,0,0,0,0,0,0,0,0,0,0,0,0,0,0,0,0,0,0,0,0,0,0,0,0,0,0,0,0,0,0,0,0,0,0,0,0,0,0,0,0,0,0,0,0,0,0,Squamous
0.03,SRR3991358,81,1393,489,0,850,102,0,443,0,0,81,711,0,0,0,0,0,0,0,0,0,0,198,47,0,10,0,6,0,0,0,0,0,22,0,0,0,0,0,0,0,0,0,0,0,0,0,33,0,0,0,0,0,0,0,0,0,0,0,0,0,0,0,0,0,0,0,0,0,0,0,0,0,0,0,0,0,0,0,0,0,0,Squamous
0.03,SRR3991587,81,349,25,0,27,0,0,122,0,0,0,9,0,3,0,0,0,0,10,0,0,0,0,0,0,0,2,19,0,0,0,0,0,0,4,0,0,0,0,0,0,0,0,0,0,0,0,0,0,0,0,0,0,0,0,0,0,0,0,0,0,0,0,0,0,0,0,0,0,0,0,0,0,0,0,0,0,0,0,0,0,0,Squamous
0.03,SRR3991564,81,171,18,0,4,0,0,0,0,0,0,0,0,10,0,0,0,0,79,0,0,0,0,0,0,0,0,0,0,0,0,0,0,0,0,0,0,0,0,0,0,0,0,0,0,0,0,0,0,0,0,0,0,0,0,0,0,0,0,0,0,0,0,0,0,0,0,0,0,0,0,0,0,0,0,0,0,0,0,0,0,0,Squamous
0.03,SRR3991469,81,781,0,0,402,12,0,306,2753,0,0,34,0,0,98,32,0,0,0,0,0,0,0,0,0,0,0,52,0,41,0,0,0,0,0,0,0,0,0,0,0,0,0,0,0,0,0,107,0,0,12,0,0,0,0,0,0,0,0,0,0,0,0,0,0,0,0,0,0,0,0,40,0,0,0,0,0,0,0,0,0,0,Adenocarcinoma
0.03,SRR3991401,81,694,19,0,272,45,0,435,0,0,0,0,0,0,4,0,0,0,0,0,0,5,0,0,0,0,0,0,0,0,0,0,0,0,0,0,0,0,0,0,0,0,0,0,0,0,0,0,0,0,0,0,0,0,0,0,0,0,0,0,0,0,0,0,0,0,0,0,0,0,0,0,0,0,0,0,0,0,0,0,0,0,Adenocarcinoma
0.03,SRR3991397,81,373,58,0,275,47,0,227,0,0,0,76,0,0,0,0,0,0,0,0,0,0,12,0,0,75,0,0,0,0,0,0,0,0,0,0,0,0,0,0,0,0,0,0,0,0,0,0,0,0,0,0,0,0,0,0,0,0,0,0,0,0,0,0,0,0,0,0,0,0,0,0,0,0,0,0,0,0,0,0,0,0,Squamous
0.03,SRR3991573,81,324,54,0,21,47,0,22,0,0,0,0,0,50,45,0,0,0,0,0,0,0,7,0,0,0,7,2,0,0,0,0,0,0,0,0,0,0,0,0,0,0,0,0,0,0,0,0,0,0,0,0,0,0,0,0,0,0,0,0,0,0,0,0,0,0,0,0,0,0,0,0,0,0,0,0,0,0,0,0,0,0,Adenocarcinoma
0.03,SRR3991420,81,712,5,0,271,92,1,644,0,0,80,45,0,0,33,25,0,0,894,0,0,0,0,5,387,0,0,0,0,0,0,0,0,0,625,0,43,0,0,0,0,0,0,0,0,0,0,0,0,0,0,0,0,0,0,0,0,0,0,0,0,0,0,0,0,0,0,0,0,0,0,0,0,0,0,0,0,0,0,0,0,0,Squamous
0.03,SRR3991514,81,2,0,0,0,0,0,0,0,0,0,0,0,0,0,0,0,0,0,0,0,0,0,0,0,0,0,0,0,0,0,0,0,0,0,0,0,0,0,0,0,0,0,0,0,0,0,0,0,0,0,0,0,0,0,0,0,0,0,0,0,0,0,0,0,0,0,0,0,0,0,0,0,0,0,0,0,0,0,0,0,0,Squamous
0.03,SRR3991616,81,398,29,0,254,23,0,0,0,0,0,12,0,0,1,494,0,0,0,0,0,0,0,0,0,0,2,0,0,0,0,0,0,295,0,0,0,0,0,0,0,0,0,0,0,0,0,0,0,0,0,0,0,0,0,0,0,0,0,0,0,0,0,0,0,0,0,0,0,0,0,0,0,0,0,0,0,0,0,0,0,0,Adenocarcinoma
0.03,SRR3991447,81,349,0,0,3202,0,0,324,0,0,0,0,0,0,0,0,78,0,174,0,0,0,6,7,211,0,0,0,0,0,0,0,0,0,153,0,0,0,0,0,0,0,0,0,0,0,0,0,0,0,0,0,0,0,0,0,0,0,0,0,0,0,0,0,0,0,0,0,0,0,0,0,0,0,0,0,0,0,0,0,0,0,Adenocarcinoma
0.03,SRR3991405,81,298,0,0,1213,14,88,237,0,0,0,0,0,47,4,0,0,0,13,0,0,40,0,96,0,2,0,0,0,0,0,0,0,44,0,0,0,0,0,0,0,0,0,0,0,0,0,0,0,0,0,0,0,0,0,0,0,0,0,0,0,0,0,0,0,0,0,0,0,0,0,0,0,0,0,0,0,0,0,0,0,0,Adenocarcinoma
0.03,SRR3991346,81,454,66,0,267,126,0,4,0,0,2,0,0,0,0,0,90,0,0,0,0,0,15,91,0,0,0,0,0,0,0,0,0,96,0,0,0,0,0,0,0,0,0,0,0,0,0,0,0,0,0,0,0,0,0,0,0,0,0,0,0,0,0,0,0,0,0,0,0,0,0,0,0,0,0,0,11,0,0,0,0,0,Squamous
0.03,SRR3991566,81,200,0,0,54,178,0,64,0,0,0,63,0,0,9,0,2725,0,2186,0,0,0,132,0,127,638,196,0,0,0,0,0,0,0,0,0,0,0,0,0,0,0,0,0,0,0,0,0,0,0,0,0,0,0,0,0,0,0,0,0,0,0,0,0,0,0,0,0,0,0,0,0,0,0,0,0,0,0,0,0,0,0,Squamous
0.03,SRR3991576,81,519,52,0,40,0,0,14,0,0,0,0,42,0,98,0,0,0,469,0,0,0,0,44,262,0,0,0,0,0,0,0,0,0,115,0,0,0,0,0,0,0,0,0,0,0,0,0,0,0,0,0,0,0,0,0,0,0,0,0,0,0,0,0,0,0,0,0,0,0,0,0,0,0,0,0,0,0,0,0,0,0,Squamous
0.03,SRR3991614,81,294,0,0,25,23,0,0,0,0,0,0,0,49,0,0,0,0,0,0,0,0,0,0,0,0,0,0,0,0,0,0,0,0,0,0,0,0,0,0,0,0,0,0,0,0,0,0,0,0,0,0,0,0,0,0,0,0,0,0,0,0,0,0,0,0,0,0,0,0,0,0,0,0,0,0,0,0,0,0,0,0,Squamous
0.03,SRR3991391,81,379,93,0,26,0,0,149,0,0,0,47,0,0,23,74,0,0,68,0,0,0,4,0,20,0,0,2,0,0,0,0,0,4,55,23,0,0,0,0,0,0,0,0,0,0,0,0,0,0,0,0,0,0,0,0,0,0,0,0,0,0,0,0,0,0,0,0,0,0,0,0,0,0,0,0,0,0,0,0,0,0,Adenocarcinoma
0.03,SRR3991411,81,245,80,0,64,118,0,82,0,0,0,3,0,0,5,0,27,0,2,0,0,0,12,0,31,0,0,0,0,0,0,0,0,22,0,0,0,0,0,0,0,0,0,0,0,0,0,0,0,0,0,0,0,0,0,0,0,0,0,0,0,0,0,0,0,0,0,0,0,0,0,0,0,0,0,0,0,57,0,0,0,0,Squamous
0.03,SRR3991592,81,31,0,0,11,0,0,0,0,0,0,2,0,2,0,0,3,0,0,0,0,0,0,0,0,0,0,0,0,0,0,0,0,2,0,0,0,0,0,0,0,0,0,0,0,0,0,0,0,0,0,0,0,0,0,0,0,0,0,0,0,0,0,0,0,0,0,0,0,0,0,0,0,0,0,0,0,0,0,0,0,0,Squamous
0.03,SRR3991347,81,517,20,0,99,3,0,11,0,0,0,0,0,0,29,0,0,0,0,0,0,0,0,11,0,0,0,0,0,0,0,0,0,0,0,0,0,0,0,0,0,0,0,0,0,0,0,0,0,0,0,0,0,0,0,0,0,0,137,0,0,0,0,0,0,0,0,0,0,0,0,0,0,0,0,0,0,0,12,0,0,0,Adenocarcinoma
0.03,SRR3991396,81,281,99,0,257,113,0,0,0,0,0,67,0,0,0,0,0,0,0,0,0,52,0,58,0,0,0,0,0,0,0,0,0,109,0,0,0,0,0,0,0,0,0,0,0,0,0,0,11,0,0,0,0,0,0,0,0,0,0,0,0,0,0,0,0,0,0,0,45,0,0,0,0,77,0,0,0,0,0,0,0,0,Squamous
0.03,SRR3991381,81,509,0,149,325,198,0,156,0,0,0,102,0,0,622,0,63,0,355,0,0,0,0,0,431,0,0,0,0,0,0,0,0,0,4,136,0,0,0,0,0,0,0,0,0,0,0,0,0,0,0,0,0,0,0,0,0,0,0,0,0,0,0,0,0,0,0,0,0,0,0,0,0,0,0,0,0,0,0,0,0,0,Squamous
0.03,SRR3991540,81,562,120,0,112,0,0,221,0,0,0,156,0,34,8,34,0,0,12,0,3,0,0,4,56,0,0,0,0,80,0,0,0,28,0,0,0,0,0,0,0,0,0,0,0,0,0,0,0,0,0,0,0,0,0,0,0,0,0,0,0,0,0,0,0,0,0,0,0,0,0,0,0,0,0,0,0,0,0,0,0,0,Adenocarcinoma
0.03,SRR3991431,81,55,0,2,61,24,0,4,0,0,0,0,0,0,0,8,0,0,0,0,0,9,0,0,0,0,0,0,0,0,0,0,0,0,0,0,0,0,0,0,0,0,0,0,0,0,0,0,0,0,4,0,0,0,0,0,0,0,0,0,0,0,0,0,0,0,0,0,0,0,0,0,0,0,0,0,0,0,0,0,0,0,Squamous
0.03,SRR3991449,81,121,0,0,0,0,0,50,0,0,0,35,0,52,0,0,0,0,0,0,0,0,0,8,0,0,0,0,0,0,0,0,0,0,0,0,0,0,0,0,0,0,0,0,0,0,0,0,0,0,0,0,0,0,0,0,0,0,0,0,0,0,0,0,0,0,0,0,0,0,0,0,0,0,0,0,0,0,0,0,0,0,Squamous
0.03,SRR3991601,81,165,0,0,187,51,0,0,0,0,0,825,0,4,21,0,0,0,0,0,0,0,0,0,0,0,0,0,0,0,0,0,26,0,0,0,0,0,0,0,0,0,0,0,0,0,0,0,0,0,0,0,0,0,0,0,0,0,0,0,0,0,0,0,0,0,0,0,0,0,0,0,0,0,0,0,0,0,0,0,0,0,Squamous
0.03,SRR3991478,81,284,24,0,435,24,0,191,1823,0,4,0,0,0,27,0,0,0,0,0,0,0,31,11,0,0,0,21,2,0,15,0,0,0,0,0,0,0,0,0,0,0,0,0,0,0,0,0,2,0,17,0,0,0,0,0,10,0,0,0,0,0,0,0,0,0,0,0,0,0,0,0,0,0,0,0,0,0,0,0,0,0,Adenocarcinoma
0.03,SRR3991418,81,377,0,0,172,69,0,77,0,0,0,27,0,0,0,6,0,0,0,0,0,0,0,0,0,0,0,0,0,0,0,0,0,3,0,0,0,0,0,0,0,0,0,0,0,0,0,0,0,0,0,0,0,0,0,0,0,0,0,0,0,0,0,0,0,0,0,0,0,0,0,0,0,0,0,0,0,0,0,0,0,0,Squamous
0.03,SRR3991373,81,63,0,0,74,0,0,2,0,0,0,4,0,0,0,0,0,0,0,0,0,0,0,0,0,0,0,0,0,0,0,0,0,0,11,0,0,0,0,0,0,0,0,0,0,0,0,0,0,0,0,0,0,0,0,0,0,0,0,0,0,0,0,0,0,0,0,0,0,0,0,0,0,0,0,0,0,0,0,0,0,0,Squamous
0.03,SRR3991403,81,473,76,0,636,9,0,219,0,0,0,0,0,0,27,0,0,0,114,0,0,0,0,0,177,0,0,0,0,0,0,0,0,21,236,10,0,0,0,0,0,0,0,0,29,0,0,0,0,0,0,0,0,5,0,0,0,0,0,0,0,0,0,0,0,0,0,0,0,0,0,0,0,0,0,0,0,0,0,0,0,0,Adenocarcinoma
0.03,SRR3991404,81,505,21,0,1961,0,0,469,0,0,25,0,0,0,0,0,101,0,139,0,0,0,0,0,0,0,0,0,0,0,0,0,0,0,0,0,0,87,0,0,0,0,0,0,0,0,0,0,0,0,0,0,0,0,0,0,0,0,0,0,0,0,0,0,0,0,0,0,0,0,0,0,0,0,0,0,0,0,0,0,0,0,Squamous
0.03,SRR3991406,81,270,103,0,12,10,0,0,0,0,0,76,0,0,15,10,5,0,1471,0,0,0,163,0,58,0,0,0,0,0,0,0,0,0,673,59,0,0,0,14,0,0,0,0,2,0,0,0,0,0,0,0,0,0,0,0,0,0,0,0,0,0,0,0,0,0,0,0,0,0,0,0,0,0,0,0,0,0,0,0,0,0,Squamous
0.03,SRR3991400,81,619,9,0,225,49,0,55,0,0,48,10,0,11,0,0,0,0,0,0,0,0,0,0,0,163,0,0,0,28,78,0,0,0,0,0,0,0,0,0,0,0,0,0,0,0,0,0,0,0,0,0,0,0,0,0,0,0,0,0,0,0,0,0,0,0,0,0,0,0,0,0,0,0,0,0,0,0,0,0,0,0,Adenocarcinoma
0.03,SRR3991484,81,271,3,0,289,0,0,0,1854,0,0,0,4,0,0,0,0,0,0,0,0,0,0,3,0,0,0,0,21,38,0,0,0,0,0,0,0,0,0,0,0,0,0,0,0,0,0,0,0,0,0,0,0,0,0,0,0,0,0,0,0,0,0,0,0,0,0,0,0,0,0,0,0,0,0,0,0,0,0,0,0,0,Adenocarcinoma
0.03,SRR3991617,81,121,8,0,156,0,0,58,0,0,0,0,0,0,61,0,0,0,0,0,0,0,8,0,0,0,0,0,0,0,0,0,0,0,0,0,0,0,0,0,0,0,0,0,0,0,0,0,0,0,0,0,0,0,0,0,0,0,0,0,0,0,0,0,0,0,0,0,0,0,0,0,0,0,0,0,0,0,0,0,0,0,Adenocarcinoma
0.03,SRR3991426,81,1104,15,0,655,29,0,504,0,0,0,25,0,0,0,0,0,0,17,0,0,17,0,29,0,0,0,0,0,0,0,0,0,5,0,0,0,2,0,0,0,0,0,0,0,0,0,0,0,0,0,0,0,0,0,0,0,0,0,0,0,0,0,0,0,0,0,0,0,0,0,0,0,0,0,0,0,0,0,0,0,0,Squamous
0.03,SRR3991570,81,362,0,0,37,303,0,0,0,0,0,0,0,34,67,67,0,0,0,0,0,0,0,0,0,0,0,0,0,0,0,0,0,4,0,0,0,0,0,0,0,0,0,0,0,0,0,0,0,0,0,0,0,0,0,0,0,0,0,0,0,0,0,0,0,0,0,0,0,0,0,0,0,0,0,0,0,0,0,0,0,0,Squamous
0.03,SRR3991475,81,95,0,0,922,55,0,169,3989,0,24,121,0,0,56,0,0,0,0,10,0,0,0,30,115,45,0,0,0,0,48,0,8,62,0,0,0,0,0,0,0,0,0,0,0,0,39,15,0,0,0,0,0,0,0,0,0,0,0,0,0,0,0,0,0,0,0,0,0,0,0,0,0,0,0,0,0,0,0,0,0,0,Squamous
0.03,SRR3991628,81,189,106,0,136,2,0,15,0,0,0,0,0,34,0,0,0,0,0,0,0,0,0,0,0,6,0,0,0,0,0,0,0,0,0,0,0,0,0,0,0,0,0,0,0,0,0,0,0,0,0,0,0,0,0,0,0,0,0,0,0,0,0,0,0,0,0,0,0,0,0,0,0,0,0,0,0,0,0,0,0,0,Adenocarcinoma
0.03,SRR3991516,81,936,3,86,141,135,0,74,0,3,0,175,0,0,24,11,0,31,15,0,3,0,172,61,24,0,0,0,0,37,43,0,0,0,0,0,0,0,0,0,0,0,0,0,0,0,0,0,22,0,37,0,0,0,0,0,0,0,0,0,0,0,0,0,0,0,0,0,0,0,0,0,0,0,0,0,0,0,0,0,0,0,Adenocarcinoma
0.03,SRR3991622,81,573,0,0,48,0,0,254,0,0,0,21,0,0,0,0,0,0,0,0,0,0,0,0,0,0,0,0,0,0,0,0,0,0,0,0,0,0,0,0,0,0,0,0,0,0,0,4,0,0,0,0,0,0,0,0,0,0,0,0,0,0,0,0,0,0,0,0,0,0,0,0,0,0,0,0,0,0,0,0,0,0,Squamous
0.03,SRR3991458,81,915,177,0,305,290,161,327,0,0,183,0,0,0,53,41,0,0,0,0,0,0,0,0,0,0,0,23,0,0,0,0,0,71,0,0,0,0,0,0,0,0,0,0,0,0,0,0,0,0,0,0,0,0,0,0,0,0,0,0,0,0,0,0,0,0,0,0,0,0,0,0,0,0,0,0,0,0,0,0,0,0,Adenocarcinoma
0.03,SRR3991359,81,297,0,21,181,0,0,0,0,0,0,27,0,0,0,0,0,0,0,0,0,0,0,4,0,0,0,0,0,0,0,0,0,0,0,0,0,0,0,0,0,0,0,0,0,0,0,0,0,0,0,0,0,0,0,0,0,0,0,0,0,0,0,0,0,0,0,0,0,0,0,0,0,0,0,0,0,0,0,103,0,0,Squamous
0.03,SRR3991627,81,351,54,0,29,0,0,0,0,0,0,0,0,0,63,0,0,0,0,0,0,0,0,0,0,0,0,0,75,0,0,0,0,0,0,0,0,0,0,0,0,0,0,0,0,0,0,0,9,0,0,0,0,0,0,0,0,0,0,0,0,0,0,0,0,0,0,0,0,0,0,0,0,0,0,0,0,2,0,0,0,0,Adenocarcinoma
0.03,SRR3991384,81,700,216,0,25,133,0,0,0,0,0,977,0,61,0,93,0,0,0,0,0,0,0,0,0,0,0,0,0,0,0,0,0,0,0,0,0,0,0,0,0,0,0,0,0,0,0,0,4,0,56,0,0,0,0,0,0,0,0,0,0,0,0,0,0,0,0,0,0,0,0,0,0,0,0,0,0,0,0,0,0,0,Squamous
0.03,SRR3991557,81,1152,50,0,421,0,7,284,0,0,11,199,0,0,1,0,0,0,0,0,15,0,0,8,18,0,0,0,0,0,0,0,0,0,0,0,0,0,0,0,0,0,0,0,0,0,0,0,0,0,0,0,0,0,0,0,0,0,0,0,0,0,0,0,0,0,0,0,0,0,0,0,0,0,0,0,0,0,0,0,0,0,Adenocarcinoma
0.03,SRR3991482,81,548,198,0,392,18,689,106,3475,236,1,166,22,3,295,11,0,0,0,36,0,4,0,0,2,0,0,0,0,71,16,0,18,351,0,0,10,0,0,0,0,0,0,0,0,0,0,0,2,0,27,0,0,0,0,0,0,0,0,0,0,0,0,0,0,0,0,0,0,0,0,0,0,0,0,0,0,0,0,0,21,0,Adenocarcinoma
0.03,SRR3991434,81,82,0,54,722,58,0,138,0,0,0,34,0,0,0,0,47,0,31,0,0,0,0,14,0,3044,0,0,0,0,0,0,0,5620,0,0,0,0,0,0,0,0,0,0,0,0,0,0,0,0,0,0,0,0,0,0,0,0,0,0,0,0,0,0,0,0,0,0,0,0,0,0,0,0,0,0,0,0,0,0,0,0,Adenocarcinoma
0.03,SRR3991395,81,630,3,0,1400,2,0,266,0,0,0,168,0,49,0,0,0,0,0,0,0,38,0,0,0,0,0,0,0,0,0,0,0,0,0,0,0,20,0,0,0,0,0,0,0,0,0,0,0,0,0,0,0,0,0,0,0,0,0,0,0,0,0,0,0,0,0,0,0,0,0,0,0,0,0,0,0,0,0,0,0,0,Adenocarcinoma
0.03,SRR3991551,81,191,0,0,29,0,0,210,0,0,23,0,0,12,0,0,0,0,0,0,0,0,0,0,0,0,0,0,0,0,0,0,0,0,0,0,0,0,0,0,0,0,0,0,0,0,0,0,0,0,0,0,0,0,0,0,0,0,0,0,0,0,0,0,0,0,0,0,0,0,0,0,0,0,0,0,0,0,0,0,0,0,Squamous
0.03,SRR3991535,81,19,7,454,145,96,7,5,2075,0,0,2,0,3,7013,0,61,0,1635,0,0,0,684,0,974,0,7,15,0,4,0,0,0,0,0,0,0,0,0,25,0,0,0,0,0,0,0,0,0,0,0,0,0,0,0,0,0,0,0,0,0,0,0,0,0,0,0,0,0,0,0,0,0,0,0,0,0,0,0,0,0,0,Adenocarcinoma
0.03,SRR3991624,81,345,213,0,24,0,0,0,0,0,0,178,0,0,53,97,0,0,0,0,0,0,0,0,0,0,0,0,0,0,0,0,0,0,0,0,0,0,0,0,0,0,0,0,0,0,0,0,0,0,0,0,0,0,0,0,0,0,0,0,0,0,0,0,0,0,0,0,0,0,0,0,0,0,0,0,0,0,0,0,0,0,Squamous
0.03,SRR3991630,81,459,103,0,3187,0,0,77,0,0,0,1,0,0,44,13,0,0,188,0,0,0,32,6,28,0,0,3,0,0,0,0,0,40,0,0,0,0,0,0,0,0,0,0,0,0,0,0,0,0,0,0,0,0,0,0,0,0,0,0,0,0,0,0,0,0,0,0,0,0,0,0,0,0,0,0,0,0,0,0,0,0,Adenocarcinoma
0.03,SRR3991626,81,255,0,0,314,6,0,182,10,0,0,5,0,0,10,0,0,0,0,0,0,0,27,0,0,0,0,0,0,0,0,0,0,0,0,0,0,0,0,0,0,0,0,0,0,0,0,0,0,0,0,0,0,0,0,0,0,0,0,0,0,0,0,0,0,0,0,0,0,0,0,0,0,0,0,0,0,0,0,0,0,0,Adenocarcinoma
0.03,SRR3991462,81,6,0,0,9,0,0,2,0,0,0,2,0,0,0,0,0,0,0,0,0,0,0,0,0,0,0,0,0,0,0,0,0,0,0,0,0,0,0,0,0,0,0,0,0,0,0,0,0,0,0,0,0,0,0,0,0,0,0,0,0,0,0,0,0,0,0,0,0,0,0,0,0,0,0,0,0,0,0,0,0,0,Squamous
0.03,SRR3991509,81,253,0,0,63,20,0,0,0,0,10,0,0,5,2,0,11,0,0,0,0,0,0,42,0,0,0,0,0,0,0,0,0,0,0,0,0,0,0,0,0,0,0,0,0,0,0,0,0,0,28,0,0,0,0,0,0,0,0,0,0,0,0,0,0,0,0,0,0,0,0,0,0,0,0,0,0,0,0,0,0,0,Adenocarcinoma
0.03,SRR3991355,81,750,193,0,1080,124,0,139,0,0,0,37,0,0,118,0,0,0,40,0,0,0,0,0,0,0,0,17,0,0,0,0,0,0,0,0,0,0,0,0,0,0,0,0,0,0,0,0,0,0,0,0,0,0,0,0,0,0,0,0,0,0,0,0,0,0,0,0,0,0,0,0,0,0,0,0,0,0,0,0,0,0,Squamous
0.03,SRR3991542,81,2,0,0,137,0,0,2,0,0,0,0,0,0,0,0,0,0,0,0,0,0,0,0,0,0,0,0,0,0,0,0,0,0,0,0,0,0,0,0,0,0,0,0,0,0,0,0,0,0,0,0,0,0,0,0,0,0,0,0,0,0,0,0,0,0,0,0,0,0,0,0,0,0,0,0,0,0,0,0,0,0,Adenocarcinoma
0.03,SRR3991496,81,67,14,0,0,19,0,2,0,0,0,0,0,0,0,0,0,0,0,0,0,0,29,0,0,0,0,0,0,0,0,0,0,0,0,0,0,0,0,0,0,0,0,0,0,0,0,0,0,0,0,0,0,0,0,0,0,0,0,0,0,0,0,0,0,0,0,0,0,0,0,0,0,0,0,0,0,0,0,0,0,0,Adenocarcinoma
0.03,SRR3991621,81,61,0,0,0,0,0,0,0,0,0,0,0,0,0,0,0,0,0,0,0,0,0,0,0,0,76,0,0,0,0,0,0,0,0,0,0,0,0,0,0,0,0,0,0,0,0,0,0,0,0,0,0,0,0,0,0,0,0,0,0,0,0,0,0,0,0,0,0,0,0,0,0,0,0,0,0,0,0,0,0,0,Adenocarcinoma
0.03,SRR3991599,81,250,0,0,81,8,0,124,0,0,0,0,0,0,49,11,0,0,0,0,0,0,0,45,0,0,0,0,0,87,0,0,0,79,0,0,0,0,0,0,0,0,0,0,0,0,0,0,0,0,0,0,0,0,0,0,0,0,0,0,0,0,0,0,0,0,0,0,0,0,0,0,0,0,0,0,0,0,0,0,0,0,Squamous
0.03,SRR3991348,81,162,21,0,3,0,0,20,0,0,0,0,0,0,4,0,0,0,0,0,0,0,0,53,0,0,0,0,0,0,0,0,0,0,0,0,0,4,0,0,0,0,0,0,0,0,0,0,0,0,0,0,0,0,0,0,0,0,0,0,0,0,0,0,0,0,0,0,0,0,0,0,0,0,0,0,0,0,0,0,0,0,Adenocarcinoma
0.03,SRR3991518,81,2,0,0,0,0,0,0,0,0,0,0,0,0,0,0,0,0,0,0,0,0,0,0,0,0,0,0,0,0,0,0,0,0,0,0,0,0,0,0,0,0,0,0,0,0,0,0,0,0,0,0,0,0,0,0,0,0,0,0,0,0,0,0,0,0,0,0,0,0,0,0,0,0,0,0,0,0,0,0,0,0,Squamous
0.03,SRR3991501,81,288,28,0,245,50,3,53,1802,0,21,0,0,0,0,0,15,0,0,0,0,0,0,0,0,0,0,10,0,0,0,0,0,0,0,0,0,0,0,0,0,0,0,0,0,0,0,0,0,0,0,0,0,0,0,0,0,0,0,0,0,0,0,0,0,0,0,0,0,0,0,0,0,0,0,0,0,0,0,0,0,0,Adenocarcinoma
0.03,SRR3991339,81,2267,175,0,470,221,0,11,0,0,0,170,0,2,0,57,0,0,0,0,0,0,2,0,0,2,0,1,0,0,0,0,0,713,0,0,0,0,0,0,0,0,0,0,0,0,0,0,0,0,0,0,0,0,0,0,0,0,0,0,0,0,0,0,0,0,0,0,0,0,0,0,0,0,0,0,0,0,0,0,0,0,Squamous
0.03,SRR3991456,81,3208,270,0,614,97,116,1462,0,162,0,379,0,57,0,96,0,0,0,0,0,0,0,0,0,0,0,0,51,3,0,0,0,0,0,0,0,0,0,0,0,0,0,0,0,0,0,0,0,0,0,0,0,0,0,0,0,0,129,0,0,0,0,0,0,0,0,0,0,0,0,0,0,0,0,0,0,0,0,0,0,86,Adenocarcinoma
0.03,SRR3991363,81,169,56,0,60,0,7,78,0,16,0,9,0,0,0,4,0,0,0,0,0,0,0,0,0,0,0,0,0,2,0,0,0,0,0,0,0,0,0,0,0,0,0,0,0,0,0,0,0,0,0,0,0,0,0,0,0,0,0,0,0,8,0,0,0,0,0,0,0,0,0,0,0,0,0,0,0,0,0,0,0,0,Adenocarcinoma
0.03,SRR3991553,81,1161,0,0,334,31,0,263,0,0,0,513,0,0,18,93,0,0,0,0,18,25,0,0,0,0,4,0,0,0,0,0,0,2,0,0,0,0,0,0,0,0,0,0,0,0,0,0,0,0,0,0,0,0,0,0,0,0,0,0,0,0,0,0,0,0,0,0,0,0,0,0,0,0,0,0,0,0,0,0,0,0,Squamous
0.03,SRR3991416,81,341,6,46,251,61,0,136,0,0,0,48,0,0,888,0,32,0,27,13,0,0,0,902,0,0,0,0,0,0,0,0,0,0,0,0,0,0,0,0,0,0,0,0,0,0,0,0,0,0,0,0,0,0,0,0,0,0,0,0,0,0,0,0,0,9,0,0,0,0,0,0,0,0,0,0,0,0,0,0,0,0,Adenocarcinoma
0.03,SRR3991600,81,505,177,0,148,2,0,13,0,0,47,0,0,0,108,18,0,0,0,0,0,2,0,0,0,0,11,0,0,0,0,0,0,0,0,0,0,0,0,0,0,0,0,0,0,0,0,0,0,0,0,0,0,0,0,0,0,0,0,0,0,0,0,0,0,0,0,0,0,0,0,0,0,0,0,0,0,0,0,0,0,0,Adenocarcinoma
0.03,SRR3991506,81,523,0,36,214,9,58,221,0,0,43,0,0,0,10,0,0,0,17,0,0,0,22,0,0,0,0,0,4,0,0,0,0,0,2,0,0,0,0,0,0,0,0,0,0,0,0,11,0,0,0,0,0,0,0,0,0,0,0,0,0,0,0,0,0,0,0,0,0,0,0,0,0,0,0,0,0,0,0,0,0,0,Adenocarcinoma
0.03,SRR3991357,81,583,105,0,203,0,0,0,0,0,0,0,0,28,0,2,0,0,0,0,0,0,0,6,0,0,0,41,0,0,0,0,0,448,0,0,0,0,0,0,0,0,0,0,0,0,0,0,0,0,0,0,0,0,0,0,0,0,0,0,0,0,0,0,0,0,0,0,0,0,0,0,0,0,0,0,0,0,0,0,0,0,Squamous
0.03,SRR3991559,81,209,34,0,2,0,0,0,0,0,0,0,0,0,0,119,0,0,0,0,0,0,0,0,0,0,0,0,0,0,0,0,0,0,0,0,0,0,0,0,0,0,0,0,0,0,0,0,0,0,0,0,0,0,0,0,0,0,0,0,0,0,0,0,0,0,0,0,0,0,0,0,0,0,0,0,0,0,0,0,0,0,Adenocarcinoma
0.03,SRR3991341,81,388,16,24,33,64,0,107,0,0,0,0,0,0,110,0,0,0,181,0,0,0,0,14,0,0,0,0,0,0,0,0,0,38,10,24,0,0,0,0,0,0,0,0,0,0,0,0,0,0,0,0,0,0,0,0,0,0,0,0,0,0,0,0,0,0,0,0,0,0,0,0,0,0,0,0,0,0,0,0,0,0,Squamous
0.03,SRR3991486,81,126,21,0,90,11,0,6,814,0,12,0,16,0,5,0,0,0,27,14,0,0,2,5,0,10,0,0,32,3,0,0,0,0,0,0,0,0,0,0,0,0,0,0,0,0,0,0,0,0,0,0,0,0,0,0,0,0,0,0,0,0,0,0,0,0,0,0,0,0,0,0,0,0,0,0,0,0,0,0,0,0,Adenocarcinoma
0.03,SRR3991483,81,187,111,0,6,37,0,39,0,0,0,0,0,38,20,0,0,0,0,0,0,0,4,63,0,0,0,0,0,0,0,0,0,0,0,0,0,0,0,0,0,0,0,0,0,0,0,0,0,0,0,0,0,0,0,0,0,0,0,0,0,50,0,0,0,0,0,0,0,0,0,0,0,0,0,0,0,0,0,0,0,0,Adenocarcinoma
0.03,SRR3991629,81,648,21,0,963,3,0,262,0,0,0,109,0,70,116,0,0,0,0,0,0,7,0,29,0,0,0,0,0,0,0,0,0,9,0,0,0,0,0,0,0,0,0,0,0,0,0,0,0,0,0,0,0,0,0,0,0,0,0,0,0,0,0,0,0,0,0,0,0,0,0,0,0,0,0,0,0,0,0,0,0,0,Squamous
0.03,SRR3991581,81,120,199,0,221,0,0,15,0,0,0,9,0,0,0,0,0,0,0,0,0,0,0,11,0,0,0,0,0,0,0,0,0,0,0,0,0,0,0,0,0,0,0,0,0,0,0,0,2,0,0,0,0,0,0,0,0,0,0,0,0,0,0,0,0,0,0,0,0,0,0,0,0,0,0,0,0,0,0,0,0,0,Squamous
0.03,SRR3991619,81,243,12,0,70,0,0,225,0,0,0,0,0,0,0,0,0,0,0,0,0,0,0,0,0,0,0,0,0,0,0,0,0,0,0,0,0,0,0,0,0,0,0,0,0,0,0,0,0,0,0,0,0,0,0,0,0,0,0,0,0,0,0,0,0,0,0,0,0,0,0,0,0,0,0,0,0,0,0,0,0,0,Squamous
0.03,SRR3991409,81,532,7,15,83,146,0,57,0,0,0,0,0,0,2,0,0,0,0,0,0,0,0,0,72,0,0,43,0,0,0,0,0,0,42,0,0,2,0,0,0,0,0,0,56,0,0,0,2,0,0,0,0,0,0,0,0,0,0,0,0,0,0,0,0,0,0,0,0,0,0,0,0,0,0,0,0,0,0,0,0,0,Adenocarcinoma
0.03,SRR3991349,81,0,0,0,2,0,0,0,0,0,0,0,0,0,0,0,0,0,0,0,0,0,0,0,0,0,0,0,0,0,0,0,0,0,0,0,0,0,0,0,0,0,0,0,0,0,0,0,0,0,0,0,0,0,0,0,0,0,0,0,0,0,0,0,0,0,0,0,0,0,0,0,0,0,0,0,0,0,0,0,0,0,Squamous
0.03,SRR3991489,81,324,0,0,97,0,0,247,0,0,0,0,0,21,0,0,0,0,0,0,0,0,0,0,0,4,0,0,0,0,0,0,0,18,0,0,0,0,0,0,0,0,0,0,0,0,0,0,0,0,0,0,0,0,0,0,0,0,0,0,0,0,0,0,0,0,0,0,0,0,0,0,0,0,0,0,0,0,0,0,0,0,Adenocarcinoma
0.03,SRR3991430,81,1718,47,16,82,0,0,751,0,0,0,21,0,28,5,0,0,0,12,0,0,0,0,2,8,0,0,0,0,0,0,0,0,0,18,0,0,0,0,0,0,0,0,0,0,0,0,0,2,0,0,0,0,0,0,0,0,0,0,0,0,0,0,0,0,0,0,0,0,0,0,0,0,0,0,0,0,0,0,0,0,0,Squamous
0.03,SRR3991550,81,801,0,15,10435,36,0,262,0,0,0,265,0,0,0,32,0,0,0,0,0,9,0,0,0,7,0,0,0,0,0,0,0,348,0,0,0,0,0,0,0,0,0,0,0,0,0,0,0,0,0,0,0,0,0,0,0,0,0,0,0,0,0,0,0,0,0,0,0,0,0,0,0,0,0,0,0,0,0,0,0,0,Squamous
0.03,SRR3991585,81,293,0,0,71,0,0,37,0,0,0,86,0,0,0,0,0,0,128,0,0,0,13,59,0,0,6,0,0,0,0,0,0,0,0,0,0,0,0,0,0,0,0,0,0,0,0,0,0,0,0,0,0,0,0,0,0,0,0,0,0,0,0,0,0,0,0,0,0,0,0,0,0,0,0,0,0,0,0,0,0,0,Squamous
0.03,SRR3991362,81,689,32,0,123,29,0,100,0,0,0,2,0,0,0,0,0,0,0,0,0,0,0,11,0,0,0,0,0,0,0,0,0,0,0,0,0,0,0,0,0,0,0,0,0,0,0,0,0,0,0,0,0,0,0,0,0,0,0,0,0,0,0,0,0,0,0,0,0,0,0,0,0,0,0,0,0,0,0,0,0,0,Squamous
0.03,SRR3991439,81,228,25,0,396,0,0,318,0,0,0,40,0,0,0,0,0,0,0,0,0,0,0,0,0,0,0,0,0,0,0,0,0,0,0,0,0,0,0,0,0,0,0,0,0,0,0,0,0,0,0,0,0,0,0,0,0,0,0,0,0,0,0,0,0,0,0,0,0,0,0,0,0,0,0,0,0,0,0,0,0,0,Squamous
0.03,SRR3991452,81,20,0,0,3,0,0,0,0,0,0,0,0,0,0,0,0,0,0,0,0,0,0,0,0,0,0,0,0,0,0,0,0,0,0,0,0,0,0,0,0,0,0,0,0,0,0,0,0,0,0,0,0,0,0,0,0,0,0,0,0,0,0,0,0,0,0,0,0,0,0,0,0,0,0,0,0,0,0,0,0,0,Adenocarcinoma
0.03,SRR3991545,81,820,44,0,386,0,0,364,0,0,21,106,0,10,0,0,0,0,0,0,11,0,0,0,0,0,0,0,0,0,0,0,0,31,0,0,0,0,0,0,0,0,0,0,0,0,0,0,0,0,0,0,0,0,0,0,0,0,0,0,0,0,0,0,0,0,0,0,0,0,0,0,0,0,0,0,0,0,0,0,0,0,Adenocarcinoma
0.03,SRR3991580,81,274,0,0,212,5206,0,16,0,0,0,0,0,0,0,0,0,0,0,0,0,0,0,10,0,0,0,0,0,0,0,0,0,0,25,0,0,0,0,0,0,0,0,0,0,0,0,0,0,0,0,0,0,0,0,0,0,0,0,0,0,0,0,0,0,0,0,0,0,0,0,0,0,0,0,0,0,0,0,0,0,0,Squamous
0.03,SRR3991515,81,99,188,21,164,107,0,153,0,114,0,25,13,2,57,37,0,0,0,0,0,0,39,40,0,26,0,0,0,0,32,0,0,0,0,0,0,0,0,0,0,0,0,0,0,0,0,0,15,0,0,0,0,0,0,0,0,0,0,0,0,0,0,0,0,0,0,0,0,0,0,0,0,0,0,0,0,0,0,0,0,0,Adenocarcinoma
0.03,SRR3991589,81,524,119,0,0,0,0,43,0,0,0,0,0,0,2,118,0,0,0,0,0,0,0,0,0,0,0,0,0,0,0,0,0,0,0,0,0,0,0,0,0,0,0,0,0,0,0,0,0,0,0,0,0,0,0,0,0,0,0,0,0,0,0,0,0,0,0,0,0,0,0,0,0,0,0,0,0,0,0,0,0,0,Squamous
0.03,SRR3991529,81,278,78,4,556,100,0,61,2793,52,54,22,0,0,0,4,0,0,0,0,0,27,37,36,0,0,0,29,0,76,0,0,0,0,0,0,7,0,0,0,0,0,0,0,11,0,0,0,29,0,0,0,0,0,0,0,0,0,13,0,0,0,0,0,0,0,0,0,0,0,0,36,0,0,0,0,0,0,0,0,0,0,Squamous
0.03,SRR3991445,81,930,120,0,163,0,0,0,0,0,0,162,0,0,0,0,0,0,0,0,0,0,0,0,0,0,0,0,0,0,0,0,0,0,0,0,0,0,0,0,0,0,0,0,0,0,0,0,0,0,0,0,0,0,0,0,0,0,0,0,0,0,0,0,0,0,0,0,0,0,0,0,0,0,0,0,0,0,0,0,0,0,Squamous
0.03,SRR3991492,81,386,63,0,349,50,0,263,1387,0,19,26,6,16,43,0,0,0,0,21,0,30,0,0,0,0,2,0,0,38,5,0,0,0,0,0,0,0,0,0,0,0,0,0,0,0,0,0,0,0,10,0,0,0,0,0,0,0,0,0,0,0,0,0,0,0,0,0,0,0,0,0,0,0,0,0,0,0,0,0,0,0,Adenocarcinoma
0.03,SRR3991423,81,33,14,0,40,0,0,41,0,0,0,9,0,0,0,0,0,0,0,0,0,0,0,0,0,0,0,0,0,0,0,0,0,0,0,0,0,0,0,0,0,0,0,0,0,0,0,0,0,0,0,0,0,0,0,0,0,0,0,0,0,0,0,0,0,0,0,0,0,0,0,0,0,0,0,0,0,0,0,0,0,0,Adenocarcinoma
0.03,SRR3991572,81,230,38,0,111,0,0,0,0,0,61,0,0,20,0,0,0,0,0,0,0,0,0,28,0,0,0,0,0,0,0,0,0,0,0,0,0,0,0,0,0,0,0,0,0,0,0,0,0,0,0,0,0,0,0,0,0,0,0,0,0,9,0,0,0,0,0,0,0,0,0,0,0,0,0,0,0,0,0,0,0,0,Squamous
0.03,SRR3991461,81,518,229,0,270,102,0,46,0,0,0,0,0,0,0,0,0,0,0,0,0,0,0,0,0,0,0,0,0,0,0,0,0,0,0,0,0,0,0,0,0,0,0,0,0,0,0,0,0,0,0,0,0,0,0,0,0,0,0,0,0,0,0,0,0,0,0,0,0,0,0,0,0,0,0,0,0,0,0,0,0,0,Squamous
0.03,SRR3991470,81,160,278,0,0,6484,0,107,0,0,0,0,0,0,0,0,0,0,0,0,0,0,0,34,0,0,0,0,0,0,0,0,0,0,0,0,0,0,0,0,0,0,0,0,0,0,0,0,0,0,0,0,0,0,0,0,0,0,0,0,0,0,0,0,0,0,0,0,0,0,0,0,0,0,0,0,0,0,0,0,0,0,Squamous
0.03,SRR3991618,81,277,46,0,386,36,0,174,0,0,0,45,0,0,3,0,0,0,0,0,0,0,0,0,0,0,0,0,0,0,0,0,0,39,0,0,0,0,0,0,0,0,0,0,0,0,0,0,0,0,0,0,0,0,0,0,0,0,0,0,0,0,0,0,0,0,0,0,0,0,0,0,0,0,0,0,0,0,0,0,0,0,Adenocarcinoma
0.03,SRR3991371,81,2120,253,0,718,536,0,838,0,0,805,22,0,0,21,0,0,0,96,0,0,0,0,0,0,0,0,0,0,0,0,7,0,0,47,17,0,0,0,0,0,0,0,0,0,0,0,0,0,0,0,0,0,0,0,0,0,0,0,0,0,0,0,0,0,0,0,0,0,0,0,0,0,0,0,0,0,0,0,0,0,0,Squamous
0.03,SRR3991333,81,2,0,0,2,0,0,0,0,0,0,2,0,0,0,0,0,0,0,0,0,0,0,0,0,0,0,0,0,0,0,0,0,0,0,0,0,0,0,0,0,0,0,0,0,0,0,0,0,0,0,0,0,0,0,0,0,0,0,0,0,0,0,0,0,0,0,0,0,0,0,0,0,0,0,0,0,0,0,0,0,0,Adenocarcinoma
0.03,SRR3991476,81,74,19,2,71,6,0,59,522,0,0,0,5,0,0,0,0,0,0,3,0,0,0,0,19,0,0,3,0,2,0,0,0,0,0,0,0,0,0,0,0,0,0,0,0,0,0,0,0,0,0,0,0,0,0,0,0,0,0,0,0,0,0,0,0,0,0,0,0,0,0,0,0,0,0,0,0,0,0,0,0,0,Adenocarcinoma
0.03,SRR3991455,81,1308,0,251,1349,110,0,0,0,0,0,671,0,0,0,177,0,0,0,0,0,0,0,0,0,0,0,0,0,0,0,0,0,177,0,0,0,0,0,0,0,0,0,0,0,0,0,0,0,0,0,0,0,0,0,0,0,0,0,0,0,0,0,0,0,0,0,0,0,0,0,0,0,0,0,0,0,0,0,0,0,0,Squamous
0.03,SRR3991385,81,163,3,0,193,2,0,107,0,0,0,0,0,0,0,0,0,0,0,0,0,0,0,0,0,0,0,0,0,0,27,0,0,0,0,0,0,0,0,0,0,0,0,0,0,0,0,0,0,0,0,0,0,0,0,0,0,0,0,0,0,0,0,0,0,0,0,0,0,0,0,0,0,0,0,0,0,0,0,0,0,0,Adenocarcinoma
0.03,SRR3991623,81,140,68,0,106,0,0,20,0,0,0,109,0,0,4,0,0,0,0,0,0,0,2,0,0,0,0,0,0,0,0,0,0,7,0,0,0,0,0,0,0,0,0,0,0,0,0,0,0,0,0,0,0,0,0,0,0,0,0,0,0,0,0,0,0,0,0,0,0,0,0,0,0,0,0,0,0,0,0,0,0,0,Squamous
0.03,SRR3991494,81,295,14,0,269,35,3,85,1783,0,36,15,27,0,11,0,0,1,26,9,0,0,0,5,0,0,0,0,4,36,0,0,37,0,10,0,0,0,0,0,0,0,0,0,0,0,7,0,0,13,2,0,0,0,2,0,0,0,0,0,0,0,0,0,0,0,0,0,0,0,26,18,0,0,0,0,0,0,0,0,0,0,Adenocarcinoma
0.03,SRR3991502,81,116,39,0,215,6,0,32,1628,0,0,45,0,6,2,0,0,0,0,0,0,0,0,5,34,0,0,0,0,0,0,0,0,0,33,0,0,0,0,0,0,0,0,0,0,0,0,0,20,0,0,0,0,0,0,0,0,0,0,0,0,0,0,0,0,0,0,0,0,0,0,0,0,0,0,0,0,0,0,0,0,0,Adenocarcinoma
0.03,SRR3991543,81,933,133,0,0,0,0,162,0,0,0,0,0,0,0,93,0,0,0,0,0,0,0,0,0,0,0,0,0,0,0,0,0,0,0,0,0,0,0,0,0,0,0,0,0,0,0,0,0,0,0,0,0,0,0,0,0,0,0,0,0,0,0,0,0,0,0,0,0,0,0,0,0,0,0,0,0,0,0,0,0,0,Squamous
0.03,SRR3991594,81,73,0,0,18,1449,0,19,0,0,0,0,0,0,0,0,0,0,0,0,0,0,32,0,0,0,0,0,0,0,0,0,0,0,0,0,0,0,0,0,0,0,0,0,0,0,0,0,0,0,0,0,0,0,0,0,0,0,0,0,0,0,0,0,0,0,0,0,0,0,0,0,0,0,0,0,0,0,0,0,0,0,Squamous
0.03,SRR3991499,81,61,0,0,315,121,0,32,1003,0,23,46,0,0,0,4,4,0,0,0,0,7,0,0,0,0,0,0,0,0,0,0,48,0,0,0,0,0,0,0,0,0,0,0,0,0,0,0,0,0,0,0,0,0,0,0,0,0,0,0,0,0,0,0,0,0,0,0,0,0,0,0,0,0,0,0,0,0,0,0,0,0,Adenocarcinoma
0.03,SRR3991582,81,156,59,0,60,46,0,56,0,0,0,111,0,22,0,19,0,0,0,0,0,0,0,0,0,0,0,0,0,0,0,0,0,0,0,0,0,0,0,0,0,0,0,0,0,0,0,0,0,0,0,0,0,0,0,0,0,0,0,0,0,0,0,0,0,0,0,0,0,0,0,0,0,0,0,0,0,0,0,0,0,0,Adenocarcinoma
